Date,Async,Foundation,Known Origin,Makersplace,Nifty Gateway,OpenSea,Rarible,SuperRare,Zora
2021-04-28,2601668,246143063,4622527,69034777,267781990,760604509,222179556,38027333,10257345
2021-04-27,4462063,292849015,5468579,78185869,183150970,935029454,252354183,42061667,11568048
2021-04-26,6213165,354825573,11860338,75862654,370798373,1115191523,279634924,44319140,7041717
2021-04-25,2354790,500980306,8561714,107476289,1011071803,1188155613,294894615,36301849,10745528
2021-04-24,3182591,584028250,9122595,128673651,128440417,1289157598,321120311,34387409,11903005
2021-04-23,4789354,418032008,6858801,84503668,511832525,1064947261,222128588,47900971,11229235
2021-04-22,1320248,332479412,4745836,97154336,100693703,736448042,191661456,46434369,9229721
2021-04-21,1908625,292408208,5694287,78021632,599504155,727925563,165053341,40671514,4759006
2021-04-20,2905871,175888870,6735723,47705914,548939002,528403544,114819901,35387310,6374583
2021-04-19,1519575,138956176,2720097,24966331,418792772,466764771,96827527,45736953,3641110
2021-04-18,1550691,290843740,4082517,39321120,432421939,793078076,213257171,46393998,3708585
2021-04-17,1240645,217273842,1853879,51494033,408212685,712788587,160989985,32808400,3329864
2021-04-16,2177431,182301190,4688217,129657518,1817712503,691101460,148869116,48002977,10445653
2021-04-15,5779149,368096704,7350179,68865754,611765993,1087524130,194007336,58290592,9214874
2021-04-14,10791710,297047154,15994238,90295302,252681577,936854425,219843951,44082225,6526592
2021-04-13,2773088,261561193,7689624,60175989,315239857,960524326,253919212,50212733,5388815
2021-04-12,3100429,308969178,10363950,82589542,58335958,1087574606,256038998,56184733,12669364
2021-04-11,3165169,368452840,21764258,47134116,237283405,1408336831,337793400,51247294,12028276
2021-04-10,2437438,369888853,39847647,95994790,59820014,1362556899,298207505,68341732,10728534
2021-04-09,2139541,339386833,13077408,55582481,279293886,1171210171,247158262,70840392,16061299
2021-04-08,4902676,366567006,8770402,71817480,192553595,1313515111,277141764,63095775,13848372
2021-04-07,3789768,329480042,6738310,90109195,105543714,1107958986,251418586,54323877,7457441
2021-04-06,1052662,327557965,9202990,180977321,489162717,1106798512,266111543,69039488,15905942
2021-04-05,1722028,313787831,9542873,67868472,501139125,1238538521,252933327,64440589,10366083
2021-04-04,1912112,396271339,24919589,66173028,378825329,1575580144,352564512,52516735,9296320
2021-04-03,2280519,387391182,17668159,108247987,1082457079,1371572766,313460665,64577760,8608712
2021-04-02,1388769,327450574,12459272,117846405,553529965,1468492565,266177356,100491069,10412246
2021-04-01,5888348,368829966,15019080,294929780,651262377,1404448989,287347511,96131685,13102778
2021-03-31,2246017,238568109,28551347,54482605,452039380,1155607945,285915076,72180276,9343654
2021-03-30,3332731,287038455,10547673,47710404,370542455,1418161940,326171949,81823617,13397304
2021-03-29,6923807,315945285,4269672,59515815,409419405,1620717209,357646921,88193185,23837788
2021-03-28,3816708,372257490,11169376,53987621,203117561,1886164458,490115893,73330614,12545908
2021-03-27,16173796,376913728,26832285,122876951,373545094,1694044788,438830721,78207658,22309013
2021-03-26,4637616,394419662,32173147,61990392,224679708,1498831750,441096287,103822624,25054309
2021-03-25,3750720,400854657,19283741,64980191,617688372,1511626236,437237594,87573392,25691377
2021-03-24,901430,355064941,10118485,66458500,1036621334,1376538160,358734485,109555737,16981857
2021-03-23,4144514,368067490,9483944,72354900,626184219,1777936436,469484510,107178506,26168896
2021-03-22,6342495,351719650,14405804,39907399,716793562,1545125069,346499727,107300844,15297358
2021-03-21,1320125,359597075,15776676,51386550,383798569,2374796111,439877056,86967485,22737155
2021-03-20,2819622,384714933,16113215,82390979,676116835,2112760670,493367405,86742598,21113386
2021-03-19,5243633,393925527,23761113,79797439,461010461,2012199951,511854207,95942893,44312164
2021-03-18,3746112,384304509,19411771,265167249,437537455,2942968531,507463375,93732011,39850958
2021-03-17,11186532,389092111,19167450,97516657,1141319837,1870993804,506041368,78225991,22179184
2021-03-16,8146186,359737662,25205459,103314657,1080019928,2056014104,445174275,85297349,38541142
2021-03-15,4301991,349089562,12851163,47587638,1046556123,2113294718,445542990,92789421,26426315
2021-03-14,5708734,339824956,18479345,72293136,903504100,2618512380,535531912,80845398,22699563
2021-03-13,4936079,351742972,19137278,403217644,897384349,2754503833,611493182,83271631,40139274
2021-03-12,5090606,354684403,13986068,69495065,1125982900,2246480915,616064813,93893170,57572477
2021-03-11,3670221,351061876,16280744,66588865,373578311,1692424911,586258777,105684382,72384628
2021-03-10,4863663,301596177,16349766,118409229,451125794,1886907105,541979039,92552085,65590756
2021-03-09,21647875,270582946,14995921,90508225,528687557,1690681461,589441305,94961637,63235854
2021-03-08,6639801,241337953,13716240,69689207,360498613,1607498638,504098264,99195725,39234402
2021-03-07,3196876,214193218,9920811,70109912,356513837,1699843438,505125854,71196158,42846004
2021-03-06,1488161,242664447,25558751,86822308,539776486,1839175013,607659884,75796446,45908111
2021-03-05,4339153,281252232,21824912,304537006,836192063,2001035524,569738228,89836080,78973921
2021-03-04,3333227,288540471,21188684,132156967,894181777,1445300775,554728658,101419398,81612213
2021-03-03,7343142,267978516,22177389,135740326,298227591,1270444596,475573298,100883157,38560088
2021-03-02,7113898,293372827,20093602,84968033,116432987,1422440673,504097663,108834225,53687856
2021-03-01,7916269,227174582,14158419,84039309,799756495,1170549844,419580967,107441216,46171826
2021-02-28,6893716,211675475,14829046,122081665,248498605,1103489723,376852652,91125453,30863348
2021-02-27,7800035,146563779,20433121,127976437,311533765,1040657376,355681777,88516947,30432234
2021-02-26,28530302,133232379,17793830,114137420,529339491,1076266193,254550431,87587512,53822130
2021-02-25,6777318,111364909,18642572,69866665,967746128,815963484,219319288,81894441,51821992
2021-02-24,3019216,93645417,21943309,60322267,1099481629,966682246,224409128,74811046,47943360
2021-02-23,3179216,70194482,10220600,78536108,318244752,545235203,165609894,67977484,38495181
2021-02-22,1311164,52420105,7890530,24991705,662768281,474584783,122011658,66617697,29871444
2021-02-21,1977586,41588068,12832460,44265457,662173102,679775112,174894490,83805804,25752906
2021-02-20,6777133,30245280,14034826,32910681,649253957,528327839,151482580,69957816,23531784
2021-02-19,2140657,39311097,18636266,18269935,319568233,461452904,128913185,79079692,27515531
2021-02-18,1972709,30363188,12551381,31716526,757406245,562367695,133748932,74588925,46337778
2021-02-17,2899818,29556665,9144631,22948772,96370128,681085466,104563708,67845390,43273848
2021-02-16,2560468,28480323,8937737,24200125,173843335,850047182,137436343,69922063,41409261
2021-02-15,3015806,11429057,8546560,16331906,465599071,597869213,129396137,56800970,29164862
2021-02-14,7129560,10623320,6330740,17705763,253015889,480444163,123413487,56312472,25279309
2021-02-13,3419886,11383560,6526072,11838469,358301996,363620587,106283221,48366316,12117120
2021-02-12,10003129,11535588,2864195,20005860,29564913,250629195,62168619,51242231,8739697
2021-02-11,4865504,13742901,4676346,19771066,174049156,279294842,66700433,32831970,9095949
2021-02-10,2674946,19181934,5809486,18048021,6520259,337333794,57298116,29852801,10605609
2021-02-09,686800,5431929,2598842,6920949,26993598,213587687,40749622,32203480,17694697
2021-02-08,870353,8855584,2194953,4799927,57911954,193885511,42469088,27837620,9569806
2021-02-07,1690159,13644571,3631532,16147061,163723849,278131959,60157019,29047317,20388918
2021-02-06,2885575,14147242,3133569,19469077,95679989,307387667,62976148,31853315,16885234
2021-02-05,4274445,7545206,1611371,4624734,120431941,239635014,61635821,22158790,17516543
2021-02-04,751357,16297987,939576,3404550,118697497,246837840,59410228,25507954,12955104
2021-02-03,1039394,15943756,1464204,3345502,3674448,401855066,45059210,27413250,18236956
2021-02-02,1810693,12162966,1186291,5394917,84189962,633456590,37862589,35890077,29246312
2021-02-01,3090803,4155496,3311051,6788435,97882894,587710374,37741060,28674265,19923596
2021-01-31,1297135,3304137,4465900,6138467,134302625,375418680,42753460,28362138,6917976
2021-01-30,1127701,1528635,1755765,8684903,91870877,215789357,35395158,32120516,19171414
2021-01-29,8433174,0,1950027,18601320,247053854,230725159,46207140,36181152,23649276
2021-01-28,5244742,3014622,3539897,32801039,247573898,179074228,51561809,35491505,14761478
2021-01-27,1781199,4907528,1714751,11187729,224798579,174114407,70306138,37411764,15560601
2021-01-26,1740143,3573114,1249738,30382805,165603308,202844333,47392683,39016771,19988603
2021-01-25,6348751,3018798,1072583,13388354,62145132,127383121,39656045,37816363,22484810
2021-01-24,4122031,2285463,7683595,11322929,30928206,127131691,29726166,33798048,13743420
2021-01-23,7280286,2278956,2942631,24311095,36224521,145282174,47983127,30795847,2680656
2021-01-22,2525437,2304663,3936766,21614602,500932475,148366871,28270210,30946109,1078284
2021-01-21,1552480,1889293,2352547,18006164,139644593,109671790,23732201,23052225,1069317
2021-01-20,1770271,294315,2383980,25985028,132278732,112499400,41145643,28585950,554148
2021-01-19,1441958,0,2190753,25588489,283971838,113459833,33886544,32045950,0
2021-01-18,838862,0,2969963,12004611,56231694,152139539,37329282,38145460,0
2021-01-17,2795840,0,3106237,19776232,5358287,157439832,34050800,26881699,0
2021-01-16,772159,0,4007194,14974471,4980686,127305806,25535319,29456507,0
2021-01-15,1484040,0,5336763,18438001,86477622,120081699,35238805,39426640,0
2021-01-14,1859032,0,4804469,32695001,103448267,102720566,41492778,29908234,0
2021-01-13,1666975,1802412,6760865,28625389,179137075,158070400,54948767,30174822,0
2021-01-12,1558802,0,2700282,35829800,61771363,114039081,33939083,26443544,0
2021-01-11,17906922,0,4519610,16433694,16987417,71186299,19118149,23816723,0
2021-01-10,767071,0,3625130,11622376,2616472,122497245,22738133,21398777,0
2021-01-09,3022129,0,5094822,19371987,4298032,144081181,27805911,28792372,0
2021-01-08,2754106,0,3482330,40778101,43366527,134178870,23732929,29978216,0
2021-01-07,1303405,0,1917013,9353825,13921859,90148908,21133858,27383609,0
2021-01-06,1992612,0,4381097,18100152,133192209,73761523,26238938,26996352,0
2021-01-05,2816820,0,1711062,19269648,76109692,105484987,29723573,23678642,0
2021-01-04,614547,0,7560278,10750530,79693430,79485809,20150731,23996608,0
2021-01-03,1226450,0,597755,4222986,66882374,75640813,17820866,15796156,0
2021-01-02,878255,0,3123303,15396680,5744151,127424312,38015211,24005813,0
2021-01-01,2827075,0,6096505,25799622,149406295,158938173,43385428,21540971,0
2020-12-31,2690243,0,3303538,25538922,20398624,154700754,41220884,20402332,6955003
2020-12-30,506835,0,5233449,16859811,194099522,100767427,26060594,18884378,0
2020-12-29,4612467,0,4128399,13592109,68651458,100468156,36338098,21336483,0
2020-12-28,1438672,0,1964130,18271613,43398974,100802142,32345710,23752084,0
2020-12-27,730000,0,1533911,15895129,3898323,104111689,27045529,21252660,0
2020-12-26,1268895,0,3842958,7982822,2145783,153522322,35109510,21783735,0
2020-12-25,984176,0,3227230,22639516,2258444,202822917,40418783,16159424,0
2020-12-24,1389913,0,5264161,32232039,3520338,183058858,59983029,18679565,0
2020-12-23,894126,0,1064183,34129887,35863399,98535357,37150492,21494226,0
2020-12-22,1393274,0,3336831,11890061,142624451,192849555,44561463,36858925,0
2020-12-21,3580927,0,3489994,23785771,47395111,138230255,49890866,39018294,0
2020-12-20,3101025,0,3283978,19132476,5650236,168198957,66156127,29401570,0
2020-12-19,3791593,0,3187079,60785654,55359932,151579919,84610738,33114629,0
2020-12-18,1552322,0,4415501,29861666,271527195,140458236,65161704,42943016,0
2020-12-17,1046677,0,3855224,41075438,166164770,84399804,36388440,34884074,0
2020-12-16,2420610,0,5095182,22093421,151946645,104639191,45833484,35080002,0
2020-12-15,13518666,0,1049504,15669481,22000510,141592159,44660500,54604218,0
2020-12-14,9264105,0,2587594,18302257,7443840,191645958,53710640,37700384,0
2020-12-13,2333569,0,2462370,22349859,71519621,192321617,58980294,20351859,0
2020-12-12,1153470,0,5079969,57182439,4687107,230663984,62228005,18613240,0
2020-12-11,1918230,0,4807607,48439196,233822210,229707645,44591262,24075041,0
2020-12-10,1702717,0,851069,55575130,31223069,141039345,48891797,24886492,0
2020-12-09,2075401,0,3181695,14091386,14287405,122927126,44837514,26942253,0
2020-12-08,1510964,0,3654135,11979458,39668737,111996573,49500523,26183327,0
2020-12-07,1907886,0,1273470,39073440,15760017,161783164,58967079,31009200,0
2020-12-06,2132429,0,2575888,31916799,2294473,190888709,70024522,25707569,0
2020-12-05,1543364,0,3155169,33997257,23862624,201078626,72714877,39593871,0
2020-12-04,4601888,0,1902695,45853211,66724504,193174524,96852481,22133025,0
2020-12-03,2453106,0,1428564,44828082,29047185,160562001,51471282,26166246,0
2020-12-02,2250742,0,1797606,58908120,29316980,220340712,62593536,21932933,0
2020-12-01,2215724,0,1817146,59193360,1330147,213170673,51175123,26696100,0
2020-11-30,2107887,0,2350560,12054484,22205369,111322840,39770085,24774653,0
2020-11-29,2457790,0,3527611,49343903,8171324,246061452,85630030,26355963,0
2020-11-28,4433965,0,9147943,38764303,17012242,221070008,78456323,20323428,0
2020-11-27,2041753,0,3307383,90882985,15541002,206889538,67833967,26517951,0
2020-11-26,2252976,0,4701073,75808718,2009714,153130370,37361558,19324424,0
2020-11-25,3038939,0,2986066,17635723,73082949,157401443,40478068,20587055,0
2020-11-24,4879867,0,4015624,30116812,1608173,149436914,38153665,24592660,0
2020-11-23,2845510,0,2209189,14334266,27052252,120049914,46631067,27106951,0
2020-11-22,2431882,0,4232962,27280022,27426515,227007557,56451722,21860228,0
2020-11-21,8153650,0,1344092,21371245,2673920,190566250,62144704,25109900,0
2020-11-20,3890263,0,7483601,31572977,36819717,200354694,66197257,28631401,0
2020-11-19,4018642,0,6476840,49341397,3888637,275620958,81794864,30015932,0
2020-11-18,1522572,0,5632164,42916430,26947837,348370893,86975896,34178278,0
2020-11-17,7095705,0,2091833,20295448,144835431,191491970,48699764,33604184,0
2020-11-16,3816408,0,9811149,21735827,3368565,206141338,59699309,40145995,0
2020-11-15,4655985,0,4504841,43370758,29404459,280705951,79847372,22296506,0
2020-11-14,2087277,0,7257483,40053795,42756654,279329637,80379510,24338177,0
2020-11-13,2660744,0,6111529,68310096,4446915,302435335,61907872,31225694,0
2020-11-12,420293,0,3293458,63984798,38571962,324679953,50746021,40160561,0
2020-11-11,969954,0,3800464,19373079,570123,226713639,58394023,31464273,0
2020-11-10,1104700,0,10503670,42559798,143729638,187614043,66132815,30992516,0
2020-11-09,2345017,0,6494775,50000930,2457964,220765651,79093115,36244696,0
2020-11-08,2055122,0,11581102,32540728,24872084,211511182,74187336,24844624,0
2020-11-07,2800492,0,3330610,47654456,28913091,217833442,82671703,26744948,0
2020-11-06,1097943,0,6561092,51815655,111368388,157911865,61014696,33937658,0
2020-11-05,1111385,0,4899457,61631947,9435914,191886485,74488697,27796055,0
2020-11-04,1287619,0,7875756,47704637,51111401,251399706,80465803,31157586,0
2020-11-03,1035796,0,3191454,59629177,1970879,218803524,73770715,31074529,0
2020-11-02,1004738,0,7858920,57337347,8671985,350132939,84436979,37062104,0
2020-11-01,1813526,0,14468668,51500078,3305036,309558548,85470705,20506058,0
2020-10-31,1729806,0,7253294,50819484,7878784,354076172,111870668,32376572,0
2020-10-30,2988603,0,4155676,63984260,35168239,275960591,97559594,29776030,0
2020-10-29,1430329,0,6626535,45844695,31580265,229377748,86561609,31124336,0
2020-10-28,2306524,0,6781033,49628060,46448131,261816975,88606577,33958366,0
2020-10-27,2577892,0,6777474,43327513,68440416,278939606,110408381,35149372,0
2020-10-26,5739662,0,4030626,49174330,80915116,260434997,106850449,39703853,0
2020-10-25,7693923,0,6659339,35178752,2507965,227714569,108626746,27601346,0
2020-10-24,22289710,0,11724955,41321549,85297217,242043387,132882982,28438958,0
2020-10-23,5833795,0,7625626,76512722,19058636,230234174,112484800,34259981,0
2020-10-22,2323071,0,8168488,26853305,4165566,192287706,112861415,40825175,0
2020-10-21,4603098,0,8611786,25813854,15879775,209876794,91289869,35770147,0
2020-10-20,1974493,0,5324742,32096973,95937926,251413343,122932803,44260403,0
2020-10-19,3697352,0,7883957,69445015,2881936,262642567,127307145,45502447,0
2020-10-18,9571208,0,7114892,161395587,13759971,274963048,128349540,40947435,0
2020-10-17,2625448,0,4864890,33188589,2849567,307043298,138849417,32600506,0
2020-10-16,4368668,0,3937664,48369217,446476,289163382,111822655,41352976,0
2020-10-15,10194541,0,9861745,32937667,7144512,284575421,93136485,39232458,0
2020-10-14,10547056,0,1957931,30622775,993426,292074788,106233941,45227483,0
2020-10-13,11454342,0,6643602,23082659,29918914,296199482,102477356,43450559,0
2020-10-12,13649324,0,4394781,25325406,1053684,288643570,125577494,43460001,0
2020-10-11,25804358,0,4724998,44221260,1594642,422899714,115190580,35261048,0
2020-10-10,1352104,0,7467688,89692746,3151613,409528859,162353668,41732534,0
2020-10-09,35207845,0,7756305,32154159,41061158,255528851,131877045,40465338,0
2020-10-08,5631215,0,7562897,32669217,1663837,341024772,146108150,39870048,0
2020-10-07,1247639,0,1690357,73061854,1786366,304459136,152734348,30911768,0
2020-10-06,1242392,0,5411758,24787798,5354463,234553354,126257428,36781198,0
2020-10-05,1021135,0,6403335,20581532,77077289,277871697,171498976,39466967,0
2020-10-04,2286694,0,3536633,21190472,2992117,301660866,163838935,29659186,0
2020-10-03,4942444,0,7177155,34692952,475933,352720586,138359876,24951345,0
2020-10-02,1114375,0,9372710,27567330,1199444,261980144,104932867,36358786,0
2020-10-01,2952989,0,6038919,24467970,842655,353835560,139005412,41259811,0
2020-09-30,3240234,0,7403950,24756438,1703230,363619203,143388588,33706846,0
2020-09-29,8028765,0,7545330,28747137,56234007,423456462,163131768,31249828,0
2020-09-28,4853550,0,6909505,17786613,1290351,540451418,188944503,36758675,0
2020-09-27,498422,0,10878760,30277870,1553226,421252850,229591936,31398646,0
2020-09-26,4548128,0,7055103,111786524,6417281,187640588,189955583,27944858,0
2020-09-25,637375,0,9463219,19432117,4403469,219635223,191557106,37481159,0
2020-09-24,3607950,0,10088607,22460701,6800652,267508795,185790166,36220151,0
2020-09-23,1895942,0,6264567,22522448,58401947,341697727,207261838,46551199,0
2020-09-22,2322741,0,6439030,22408039,86579000,349721826,188321704,40453358,0
2020-09-21,970495,0,9574955,16475150,103520109,98310236,120924558,28569757,0
2020-09-20,3586165,0,15810010,40529450,2258136,104852075,143170655,14155160,0
2020-09-19,3081680,0,10827421,45391839,546754,150453994,102422174,18159718,0
2020-09-18,2688048,0,3817368,11037217,4173227,103702836,79725548,19618399,0
2020-09-17,386310,0,1862425,9104140,1207576,45116462,23529367,10910904,0
2020-09-16,1282794,0,11011820,9113921,16509680,118084990,82282563,16014886,0
2020-09-15,2002790,0,17213173,11898177,107350059,101004543,89394562,18937311,0
2020-09-14,1904238,0,5051314,13215820,136346001,58260276,86876263,18090164,0
2020-09-13,783830,0,7652736,10071517,364305,77432657,68068097,12564718,0
2020-09-12,705417,0,6850547,5008349,17537339,68459827,87221965,13574425,0
2020-09-11,1102443,0,13827243,30506921,37817012,67256669,95978849,16436225,0
2020-09-10,1694599,0,6837833,9073198,31564772,50361651,86049197,16049535,0
2020-09-09,2785267,0,11172052,19361250,25188979,49127776,78421162,16254870,0
2020-09-08,5569738,0,7262221,22990321,416713,83856118,66218222,20583168,0
2020-09-07,3741278,0,6538414,24945284,27638993,78685061,37149387,14883312,0
2020-09-06,2660515,0,5578438,15329134,759663,66290898,46937344,19761062,0
2020-09-05,1396346,0,1238631,7536749,275976,35910389,17224664,8922254,0
2020-09-04,1074404,0,1130711,22384465,1552637,36194655,21923596,16215719,0
2020-09-03,5869458,0,643743,4160745,325911,27238912,11181333,10235577,0
2020-09-02,305000,0,394481,2465083,15805977,10333818,3759375,10318889,0
2020-09-01,3124088,0,222462,1955699,592403,14593418,2099025,8371558,0
2020-08-31,774901,0,763000,3688840,40003646,17354987,8453436,11024341,0
2020-08-30,397166,0,3118635,3296194,361467,25034855,11232172,14346217,0
2020-08-29,3498229,0,3450958,18720328,6680718,51429303,16856708,17151454,0
2020-08-28,794898,0,4223721,21841146,9868345,60923924,22803805,22788799,0
2020-08-27,282610,0,2046472,30909099,9130638,49104269,28213338,17766749,0
2020-08-26,1253006,0,2439067,32822190,8433825,58047482,19700349,18737926,0
2020-08-25,5827340,0,3495626,15492148,4392279,43851480,22521005,16949138,0
2020-08-24,4497685,0,4051158,25695645,114152543,40294855,20400700,21989857,0
2020-08-23,1408707,0,2408008,42523006,3793582,52062867,21900228,13124618,0
2020-08-22,1639537,0,3602945,56347918,463026,41522852,22758623,16371586,0
2020-08-21,907886,0,1887592,15552685,773157,29223526,18497780,15660359,0
2020-08-20,710427,0,7091851,20903180,2959941,43793960,24566034,19583330,0
2020-08-19,1177297,0,46060,18729568,76794404,24468517,26286587,16520654,0
2020-08-18,7023836,0,3859743,23389953,18274223,33467186,30329847,24698060,0
2020-08-17,6221442,0,5591462,30341258,985805,37351424,27293847,22675815,0
2020-08-16,12510871,0,4020394,21692500,1150872,52834137,21474061,13324044,0
2020-08-15,19746590,0,4664718,12664479,957588,29161132,23132167,13828389,0
2020-08-14,6285174,0,888717,11167162,4026966,36357637,24157790,21455460,0
2020-08-13,3344767,0,1069723,32687076,40215379,22140354,17049953,19730841,0
2020-08-12,717418,0,851082,1020991,2046479,9123058,14000888,17015061,0
2020-08-11,1019447,0,594762,6472722,7433243,28653745,16630663,18459435,0
2020-08-10,7557308,0,2330608,13268574,1905830,44345950,25982111,23223657,0
2020-08-09,16551879,0,6041410,17016429,31652861,52369293,21738805,15210280,0
2020-08-08,23699165,0,3348105,9491780,17958246,79834540,30725583,19472592,0
2020-08-07,9017220,0,3932441,30921010,244055759,69362933,25314595,21395707,0
2020-08-06,1958868,0,6605176,45294990,164913729,74480213,23305503,20416942,0
2020-08-05,2199571,0,7801980,31787691,2062440,68759104,17498782,24571460,0
2020-08-04,8745571,0,5454554,18903625,867176,57662107,23280625,35373976,0
2020-08-03,4275912,0,2393157,16246873,230970,51563638,18430533,25041932,0
2020-08-02,6783546,0,10499436,23956581,390192,54389917,22744433,24975976,0
2020-08-01,2094186,0,10070446,25105184,1749321,60856783,16459769,19320078,0
2020-07-31,5749723,0,6203015,14657270,3034711,45130935,28428403,19751247,0
2020-07-30,10304230,0,6443028,36453454,96283914,51230306,26929893,22718409,0
2020-07-29,2840726,0,7309632,19823070,660221,49840238,27010029,20339584,0
2020-07-28,2054426,0,5928749,87036073,460501,59342654,31870096,30361596,0
2020-07-27,2517666,0,5743800,17675166,1355219,46429105,21945609,30114990,0
2020-07-26,5453257,0,6775764,10587182,1261411,56332999,25275345,30725527,0
2020-07-25,7672081,0,8069189,19502263,820960,58606094,27554063,19741021,0
2020-07-24,4024161,0,13825832,16826581,2928961,50872008,29749622,28299901,0
2020-07-23,3574996,0,2828348,37390741,46996445,66606352,34508061,24446211,0
2020-07-22,1287496,0,7602242,9845629,3804065,79640770,34694244,24530064,0
2020-07-21,1496124,0,5733168,19359087,388360,84823051,28687425,18044248,0
2020-07-20,1309991,0,8975474,24623357,1142867,48307080,22141655,24733346,0
2020-07-19,1737955,0,6469891,7030574,1047509,70060608,25749701,17914194,0
2020-07-18,2857769,0,2207693,7633988,469026,87383069,19793232,23224012,0
2020-07-17,5704302,0,7152093,22197300,2524401,64761678,13439802,27087155,0
2020-07-16,1630700,0,3403530,28863669,22539436,72765311,9158457,25753412,0
2020-07-15,974020,0,6635613,18775431,1434095,87367590,11725868,17038842,0
2020-07-14,9114056,0,7166746,20642069,1068048,90278987,7836471,17003707,0
2020-07-13,3336931,0,2791699,34475423,466998,93104429,8747587,19747502,0
2020-07-12,3353729,0,6545893,20015027,1234880,112990233,8453645,17690549,0
2020-07-11,2964763,0,4543276,14215422,5159550,133429019,8260187,18778296,0
2020-07-10,2976987,0,19669049,40227484,3361278,106530442,10450440,30084458,0
2020-07-09,5991966,0,3451492,19407740,125929189,104177280,10563605,17517931,0
2020-07-08,4196654,0,2115059,25279099,1959819,94225776,5250992,18193159,0
2020-07-07,3221636,0,4558149,22187576,0,85317452,10300982,20808325,0
2020-07-06,7004488,0,11859577,23791156,62354,102314815,4640132,26128683,0
2020-07-05,2430521,0,1949711,19114770,0,121353702,10122806,22377640,0
2020-07-04,1998531,0,2597727,17187324,357339,89285724,5753126,16702843,0
2020-07-03,6429544,0,3735410,19288092,3532505,72813605,6288645,16259181,0
2020-07-02,2618735,0,2263616,19712700,39749223,81524072,8706532,22621807,0
2020-07-01,12409524,0,6424821,31824227,949842,91808253,15619402,24145541,0
2020-06-30,9783871,0,3412598,9985761,929761,80368995,7746432,18264390,0
2020-06-29,1183374,0,3695067,24404931,180333,74463661,5038841,18406278,0
2020-06-28,6108486,0,2799542,19142544,3838480,84606837,6986240,12996452,0
2020-06-27,8321367,0,6971572,23719582,146433,77736134,8450333,17157497,0
2020-06-26,2905576,0,4427169,36079639,2269259,80469303,8274694,18955020,0
2020-06-25,272626,0,4391921,22285259,147680838,75627820,6030305,20913647,0
2020-06-24,3878160,0,1914610,18450032,1674210,74909244,3654004,22079802,0
2020-06-23,1049747,0,6122142,18020704,548583,81093583,4860785,22616088,0
2020-06-22,1009287,0,3156137,29061905,1099851,75846120,6088449,26494298,0
2020-06-21,1760353,0,8104396,26497025,2400090,86666160,4565712,17009927,0
2020-06-20,1570360,0,3855080,30455815,456018,81638826,3851840,16438821,0
2020-06-19,2219179,0,9727229,29274754,373167,77500567,5832961,21161064,0
2020-06-18,5574699,0,7456297,35651571,95385244,75670024,2383339,20279182,0
2020-06-17,1839270,0,4089326,28536434,314570,59572578,5175634,21954965,0
2020-06-16,11766918,0,5857053,22387240,419239,93415485,6437652,22000741,0
2020-06-15,2954868,0,2588633,19946872,350600,62326411,10234077,29168507,0
2020-06-14,1082554,0,5183178,28288052,105424,99686416,6647633,24686807,0
2020-06-13,1902573,0,7026673,20240180,401939,94661541,6128962,22796129,0
2020-06-12,2956803,0,4206679,34494754,1117500,62698668,6936567,23441045,0
2020-06-11,1721344,0,8318572,51499539,77922682,71399341,4364801,22247448,0
2020-06-10,1637431,0,3201073,7958165,242997,60321942,5194157,22607660,0
2020-06-09,794217,0,7150582,10658810,1190464,104425770,6880432,23185141,0
2020-06-08,1049550,0,8426559,39145469,0,62095090,1961334,27816616,0
2020-06-07,1941819,0,2387771,23635641,361437,53690764,4595111,19513340,0
2020-06-06,2381397,0,3432753,24344796,312536,67599356,3098376,26785292,0
2020-06-05,5223729,0,3382143,31623784,162776,89540404,5240172,27546225,0
2020-06-04,822485,0,3489939,35144568,16005506,115497240,8022763,22691832,0
2020-06-03,1395435,0,5859932,24493859,1623732,77266780,3113731,22770260,0
2020-06-02,1658005,0,2433855,27259981,306664,77264149,5849676,19376990,0
2020-06-01,1325973,0,5854863,29505615,8008223,70198936,4759260,16992004,0
2020-05-31,6556361,0,11800962,21901701,0,79418887,6705364,14553080,0
2020-05-30,5197522,0,2957533,22057558,2515097,86885579,4771788,13155626,0
2020-05-29,6634589,0,3288270,22573098,1445998,117046733,6364939,20955194,0
2020-05-28,2059819,0,4015384,33306222,23947475,74134791,6623284,20356680,0
2020-05-27,1879201,0,2311049,32741657,314144,68666689,6905931,21383758,0
2020-05-26,1700664,0,2603719,27522495,0,85024346,0,19468700,0
2020-05-25,963702,0,3513624,34124545,0,69674290,0,16752242,0
2020-05-24,1006072,0,5975362,23298406,0,140290106,0,16043605,0
2020-05-23,916665,0,6599385,31597201,243224,131884181,0,17971744,0
2020-05-22,1808741,0,7446994,51805362,105412,110608538,0,18117365,0
2020-05-21,727301,0,3493365,1844420,167776,124237186,0,18074276,0
2020-05-20,4188760,0,4745628,25127090,2174556,125088490,0,37918280,0
2020-05-19,6263351,0,3178034,27845843,105402,127754712,0,26235611,0
2020-05-18,696910,0,4355117,20943605,348433,94877583,0,29597209,0
2020-05-17,736672,0,5675438,43581471,611162,81909727,0,24527716,0
2020-05-16,740466,0,4426029,34798616,1278794,101533799,0,21019884,0
2020-05-15,1162930,0,3743951,38059349,1244984,116372724,0,25318736,0
2020-05-14,1170324,0,3414306,14132962,37249860,74852938,0,11463625,0
2020-05-13,676646,0,8805483,40218521,1404552,87848437,0,23660392,0
2020-05-12,5396147,0,2490679,37531331,1570756,120813596,0,17513353,0
2020-05-11,806379,0,2335630,34781797,314144,93349840,0,30766472,0
2020-05-10,3619267,0,5902607,23036542,62376,109729536,0,20142220,0
2020-05-09,993280,0,4991831,13636173,2339479,100135324,0,12883143,0
2020-05-08,1227396,0,5223001,23859896,905923,80020604,0,26988109,0
2020-05-07,955666,0,5925735,29504180,101096731,115775942,0,23902356,0
2020-05-06,1154310,0,7577567,33209127,0,106332801,0,38896284,0
2020-05-05,984850,0,5179506,33929204,0,126673456,0,46673306,0
2020-05-04,933321,0,3889588,28780823,419568,129315271,0,20427230,0
2020-05-03,928117,0,5699927,26136379,0,174707416,0,27985509,0
2020-05-02,2310386,0,8622143,40804376,0,179973810,0,33323066,0
2020-05-01,941410,0,5245090,35137302,0,166781591,0,25761373,0
2020-04-30,2334902,0,7401009,27077053,0,107407301,0,17187551,0
2020-04-29,1263066,0,8155301,22245729,626680,111292450,0,18420035,0
2020-04-28,595831,0,6871073,18534096,0,160434148,0,15634095,0
2020-04-27,934625,0,7545642,35299696,480939,134438500,0,24178323,0
2020-04-26,953366,0,5894093,32246297,698851,134589095,0,19784244,0
2020-04-25,791941,0,8272861,34204416,1611105,158872902,0,14737399,0
2020-04-24,598758,0,3042029,36313114,937608,174309937,0,19983702,0
2020-04-23,1028605,0,5338592,26947277,940221,176341050,0,20308832,0
2020-04-22,662934,0,4965424,39858008,1028072,186241790,0,12036134,0
2020-04-21,1668981,0,5063568,25432328,1268360,173647036,0,10089753,0
2020-04-20,681636,0,5621411,36801943,1033200,151936642,0,17199018,0
2020-04-19,7671541,0,11642361,40345717,2254952,168120827,0,13187430,0
2020-04-18,8518767,0,6021854,31050734,1460826,199778413,0,13248272,0
2020-04-17,13548753,0,4808698,31965911,5716535,196001854,0,19672901,0
2020-04-16,9061547,0,4506621,33543047,56473130,170963296,0,16384482,0
2020-04-15,274834,0,11719814,35986166,313139,186036086,0,17049094,0
2020-04-14,838109,0,17145181,40684046,0,204039021,0,14986924,0
2020-04-13,397214,0,5921368,41625343,1868450,177878233,0,16249074,0
2020-04-12,275153,0,4019255,29598277,358336,151563802,0,17795721,0
2020-04-11,269788,0,2714592,30150263,0,152817187,0,15026576,0
2020-04-10,207098,0,3287263,46101320,0,140633323,0,16034180,0
2020-04-09,405534,0,6971406,50173627,105424,159169755,0,13063445,0
2020-04-08,274834,0,3549871,31780440,3445132,182347657,0,10240053,0
2020-04-07,701433,0,2880206,51366904,313139,161476752,0,10758341,0
2020-04-06,854949,0,1201841,44524207,105424,139191763,0,13811465,0
2020-04-05,7499064,0,14361512,41090379,961850,142118223,0,16193148,0
2020-04-04,5330763,0,9638161,39940965,1121187,165990960,0,24057399,0
2020-04-03,1816104,0,6875036,39934368,45549799,164567225,0,25269817,0
2020-04-02,2715866,0,5252520,36084690,105246370,173050918,0,22029815,0
2020-04-01,4898271,0,9776474,38840179,374530,182483588,0,20117287,0
2020-03-31,3665576,0,2641596,41313853,1240878,276194486,0,17012040,0
2020-03-30,7627806,0,7300497,40041730,0,171442559,0,17394517,0
2020-03-29,7908305,0,4358378,37300320,313139,142630280,0,19767171,0
2020-03-28,5980655,0,4333852,21161827,585579,143800586,0,14301194,0
2020-03-27,30539324,0,3971925,37123426,1105371,150294931,0,19967704,0
2020-03-26,5745510,0,2941038,27676938,1565896,131546027,0,18150645,0
2020-03-25,4279227,0,11090539,35007079,1879437,147508461,0,19322437,0
2020-03-24,16595157,0,4202343,51758550,626278,140924171,0,21815933,0
2020-03-23,410906,0,4071203,40081569,1044841,180817150,0,16782398,0
2020-03-22,59724,0,2933551,19885283,731702,121104718,0,14076069,0
2020-03-21,224987,0,9188593,30376252,2911431,147707389,0,15701253,0
2020-03-20,222142,0,4098555,25150512,2191973,165187914,0,23913884,0
2020-03-19,22356,0,5330367,32246501,9697643,163387134,0,18739116,0
2020-03-18,37368,0,5585433,29398866,13652638,136437467,0,18973355,0
2020-03-17,223126,0,1822060,33688791,49780990,187699542,0,12068959,0
2020-03-16,0,0,1796224,27494645,2053108,116612307,0,10500236,0
2020-03-15,333188,0,11234536,28549779,0,209751560,0,11643183,0
2020-03-14,179460,0,8965928,25511116,0,180914125,0,11995044,0
2020-03-13,186295,0,6489309,43126640,0,176611232,0,13859326,0
2020-03-12,277667,0,767559,922210,0,75288225,0,10467875,0
2020-03-11,859840,0,7096908,35618522,0,189934169,0,21280645,0
2020-03-10,353102,0,8284009,38560290,0,246578122,0,16439071,0
2020-03-09,671577,0,4213192,20611577,0,183519501,0,12778390,0
2020-03-08,262190,0,2087833,30085257,104463,168420871,0,11133833,0
2020-03-07,1964539,0,5591487,17323390,0,214458268,0,11678074,0
2020-03-06,129770,0,7114746,27532669,0,225133825,0,15665005,0
2020-03-05,368787,0,7286359,31092146,0,206028369,0,10572640,0
2020-03-04,1322858,0,9289625,26332964,129262,236159494,0,13995752,0
2020-03-03,1394643,0,11306791,21363826,0,230738775,0,12676266,0
2020-03-02,9017957,0,15446336,24250738,72392,290302177,0,14244767,0
2020-03-01,27706886,0,16620042,14538943,0,312083331,0,14385969,0
2020-02-29,2489461,0,6531055,16065317,0,357042084,0,12962429,0
2020-02-28,6877025,0,7064119,37779730,0,294726028,0,19970547,0
2020-02-27,9995567,0,6318398,29963097,0,305401582,0,19610625,0
2020-02-26,19664659,0,7986655,30315613,0,329091040,0,18923294,0
2020-02-25,16659602,0,4503861,66683583,0,310748285,0,19840298,0
2020-02-24,0,0,8604001,22712310,0,326167898,0,23608467,0
2020-02-23,0,0,14967568,24010142,0,246499543,0,12795129,0
2020-02-22,0,0,12688817,25821018,104463,277172834,0,12692681,0
2020-02-21,0,0,6256161,25337630,91592,212902550,0,17321453,0
2020-02-20,0,0,4967209,43844007,928515,184722176,0,14035867,0
2020-02-19,0,0,5678829,47803144,1226656,205686184,0,19691646,0
2020-02-18,0,0,7196082,37788436,1379988,213772123,0,16637276,0
2020-02-17,0,0,11123005,42007325,0,289754542,0,15981785,0
2020-02-16,0,0,10616150,37293670,0,147489816,0,12097402,0
2020-02-15,0,0,8719888,26321192,0,168657521,0,22583828,0
2020-02-14,0,0,6947022,33705879,0,131976277,0,14867078,0
2020-02-13,0,0,3658501,42307896,0,199640527,0,12216786,0
2020-02-12,0,0,4496410,37795730,0,168516159,0,18802213,0
2020-02-11,0,0,4833421,31035031,0,309611007,0,18650703,0
2020-02-10,0,0,8906905,41900054,0,252968541,0,20219559,0
2020-02-09,0,0,5538043,27510632,0,194407479,0,23482561,0
2020-02-08,0,0,9081650,34091083,0,246015538,0,15874477,0
2020-02-07,0,0,7097719,40751807,0,278557893,0,16969510,0
2020-02-06,0,0,6345208,60965848,0,235564945,0,18706191,0
2020-02-05,0,0,11315436,50175524,0,219862522,0,22531453,0
2020-02-04,0,0,17882339,22805208,0,169497381,0,20665428,0
2020-02-03,0,0,5630466,37186359,0,182258947,0,20744878,0
2020-02-02,0,0,19633869,34139346,0,228579968,0,23680040,0
2020-02-01,0,0,10290091,34208597,0,181131135,0,28294037,0
2020-01-31,0,0,13781226,39158425,42004,183484140,0,17949458,0
2020-01-30,0,0,3144653,31208014,0,139497599,0,18955209,0
2020-01-29,0,0,10145496,43810230,0,176910854,0,38843890,0
2020-01-28,0,0,12155518,44138383,0,240579612,0,30573441,0
2020-01-27,0,0,20272462,55177322,0,180463341,0,12274945,0
2020-01-26,0,0,4535372,40801327,0,165039457,0,15336649,0
2020-01-25,0,0,10593620,26398805,0,207569891,0,11517706,0
2020-01-24,0,0,7059655,22453440,0,214175825,0,15494762,0
2020-01-23,0,0,4398251,31177915,0,213850544,0,14930797,0
2020-01-22,0,0,8528852,43405675,0,268643857,0,19272531,0
2020-01-21,0,0,8041419,44861967,0,296709944,0,19949293,0
2020-01-20,0,0,13670459,27342489,0,323673345,0,16596217,0
2020-01-19,0,0,13330317,23372173,0,393410901,0,16835395,0
2020-01-18,0,0,10869104,22510386,0,361435805,0,17335986,0
2020-01-17,0,0,7940026,37565069,0,160950999,0,14618844,0
2020-01-16,0,0,11076400,31765623,0,155227589,0,12923910,0
2020-01-15,0,0,10632353,29158946,0,237100389,0,14723159,0
2020-01-14,0,0,11754810,26585158,0,265490232,0,20127915,0
2020-01-13,0,0,16178730,32157058,0,218725619,0,14753793,0
2020-01-12,0,0,23953148,32792357,0,277324306,0,14693360,0
2020-01-11,0,0,5781216,30191252,0,234562285,0,12541096,0
2020-01-10,0,0,14287214,28866982,0,360418820,0,17979425,0
2020-01-09,0,0,5053676,36514895,0,336736805,0,10359785,0
2020-01-08,0,0,11337286,34900868,0,217695963,0,24252719,0
2020-01-07,0,0,4960022,32180692,0,264715591,0,18081349,0
2020-01-06,0,0,7634405,24637915,0,260384317,0,14945406,0
2020-01-05,0,0,8875195,25241974,919992,264746872,0,18783987,0
2020-01-04,0,0,9678822,27094694,0,438189485,0,21505956,0
2020-01-03,0,0,16884650,21716938,0,315233275,0,18420500,0
2020-01-02,0,0,14151450,16687665,0,265991153,0,20934916,0
2020-01-01,0,0,3787468,19806495,1256365,196758088,0,19757242,0
2019-12-31,0,0,10908376,18503399,0,320905901,0,19274390,0
2019-12-30,0,0,16320849,25201341,0,283147117,0,14906486,0
2019-12-29,0,0,22581981,23117310,0,299969184,0,25230328,0
2019-12-28,0,0,30376541,27411134,0,571549523,0,17656463,0
2019-12-27,0,0,8013949,30977875,0,282210442,0,31955456,0
2019-12-26,0,0,16726324,28367725,0,302285823,0,30935143,0
2019-12-25,0,0,10096514,18671354,0,218595149,0,17261265,0
2019-12-24,0,0,22273598,26417383,0,203665464,0,26587733,0
2019-12-23,0,0,18345907,34158799,0,153409949,0,28401473,0
2019-12-22,0,0,17518875,36161210,0,341330328,0,33568115,0
2019-12-21,0,0,19748382,26080144,0,246788652,0,24984695,0
2019-12-20,0,0,35909969,20569278,0,271482477,0,29221153,0
2019-12-19,0,0,30176044,15876227,0,178185275,0,36142482,0
2019-12-18,0,0,16270056,23988964,0,261271008,0,28672371,0
2019-12-17,0,0,23313644,20520460,0,206571664,0,43596396,0
2019-12-16,0,0,24302065,19725701,0,251884831,0,41621560,0
2019-12-15,0,0,10892502,16272392,0,241070259,0,35861947,0
2019-12-14,0,0,20612108,21170154,0,239329904,0,25494797,0
2019-12-13,0,0,17072882,41321787,0,295594453,0,24336309,0
2019-12-12,0,0,11065876,36317062,0,274887387,0,23676115,0
2019-12-11,0,0,8919233,35863513,0,286879394,0,28686415,0
2019-12-10,0,0,35655679,34427585,0,422573078,0,21540220,0
2019-12-09,0,0,22122032,35621115,91580,510006600,0,19290656,0
2019-12-08,0,0,10500568,25232765,0,392723625,0,31211698,0
2019-12-07,0,0,7005071,21170977,0,335583864,0,12181017,0
2019-12-06,0,0,6702350,24146862,0,488625687,0,13163173,0
2019-12-05,0,0,13123628,23096204,0,364614027,0,14670822,0
2019-12-04,0,0,2410395,28659068,0,309450315,0,20553736,0
2019-12-03,0,0,7874101,30306858,0,356240518,0,25344266,0
2019-12-02,0,0,6561574,19377207,0,385983898,0,21819817,0
2019-12-01,0,0,6875622,28429746,0,1068869709,0,16927339,0
2019-11-30,0,0,10438337,13968267,0,638859182,0,14327326,0
2019-11-29,0,0,8247232,7799001,0,764407849,0,16235391,0
2019-11-28,0,0,19287747,15569600,0,639427082,0,12103459,0
2019-11-27,0,0,5026096,17917243,0,378016576,0,13902918,0
2019-11-26,0,0,2696677,39021605,0,740105741,0,13797261,0
2019-11-25,0,0,946155,17316356,0,268177876,0,15767160,0
2019-11-24,0,0,1909070,40029259,0,446577550,0,16003982,0
2019-11-23,0,0,3401001,21556310,0,652782229,0,14007283,0
2019-11-22,0,0,3806115,19665698,0,432621499,0,17379475,0
2019-11-21,0,0,5925410,22561643,0,170172628,0,25995789,0
2019-11-20,0,0,3119412,29185274,0,169480558,0,17260937,0
2019-11-19,0,0,9803465,27792635,0,136251357,0,19309279,0
2019-11-18,0,0,4937067,13651727,0,102590381,0,14654566,0
2019-11-17,0,0,2854845,7872342,0,79055178,0,23244434,0
2019-11-16,0,0,10844388,16668052,0,122955253,0,13940286,0
2019-11-15,0,0,3109408,5882178,0,89661063,0,11200795,0
2019-11-14,0,0,4038708,6470664,0,95378926,0,14241717,0
2019-11-13,0,0,4072948,14706454,0,134577736,0,10977020,0
2019-11-12,0,0,5845252,16817104,0,140598090,0,10780336,0
2019-11-11,0,0,1682466,14338796,0,121242677,0,9262907,0
2019-11-10,0,0,5468740,15543312,0,108402968,0,3757809,0
2019-11-09,0,0,2403269,21705512,0,336208879,0,4849779,0
2019-11-08,0,0,3532402,26756076,0,107579336,0,8529191,0
2019-11-07,0,0,7215299,4365700,0,72193238,0,9941819,0
2019-11-06,0,0,4385888,15092518,0,88008881,0,11541458,0
2019-11-05,0,0,5687200,12616430,0,144825043,0,8752847,0
2019-11-04,0,0,4887872,25948266,0,112139043,0,5571636,0
2019-11-03,0,0,3490931,26900712,0,122112541,0,5597200,0
2019-11-02,0,0,1783836,12575740,0,165019365,0,9499590,0
2019-11-01,0,0,1502888,11901606,0,149254271,0,6337543,0
2019-10-31,0,0,5839608,21953264,0,181872177,0,13162359,0
2019-10-30,0,0,2623721,26108501,0,157203002,0,6462369,0
2019-10-29,0,0,2312718,16874513,0,139217641,0,2788275,0
2019-10-28,0,0,2574648,18943700,0,189921754,0,3299488,0
2019-10-27,0,0,2258088,23949858,0,198899802,0,3892259,0
2019-10-26,0,0,4590152,24119528,0,146774850,0,4860574,0
2019-10-25,0,0,635770,13737991,0,336284753,0,7728913,0
2019-10-24,0,0,635770,14586765,0,167426353,0,5673143,0
2019-10-23,0,0,4406321,14805728,0,114685705,0,4344617,0
2019-10-22,0,0,3110170,21741237,0,189893421,0,2483586,0
2019-10-21,0,0,3203395,36290073,0,243397614,0,4870484,0
2019-10-20,0,0,4096939,17453919,3268760,254326704,0,2892933,0
2019-10-19,0,0,3120971,7389053,0,396405771,0,2946303,0
2019-10-18,0,0,2703541,30251599,0,446565852,0,3107224,0
2019-10-17,0,0,357017,24754167,0,465657731,0,4336646,0
2019-10-16,0,0,995931,15456348,0,402081261,0,4685726,0
2019-10-15,0,0,3936232,20657540,0,563945950,0,3532533,0
2019-10-14,0,0,947663,21428307,0,306870837,0,1744728,0
2019-10-13,0,0,1092246,13248833,0,275886371,0,2985825,0
2019-10-12,0,0,0,37342987,0,102098144,0,3671656,0
2019-10-11,0,0,2922798,18166542,0,85826848,0,1017487,0
2019-10-10,0,0,4173471,24071130,0,108023339,0,1904333,0
2019-10-09,0,0,2679039,25928308,0,93076579,0,4200549,0
2019-10-08,0,0,1569877,17433646,0,390214513,0,2456423,0
2019-10-07,0,0,4403962,17527672,0,122494995,0,6760431,0
2019-10-06,0,0,1057558,26466563,0,85704205,0,4870969,0
2019-10-05,0,0,8377027,17265169,0,84919356,0,3408615,0
2019-10-04,0,0,1733172,15590958,0,88066139,0,5793040,0
2019-10-03,0,0,4116037,21179447,82803,80333247,0,3946295,0
2019-10-02,0,0,17374550,23064922,0,95447524,0,3585138,0
2019-10-01,0,0,650770,22284006,0,101962139,0,2438803,0
2019-09-30,0,0,2271793,60957231,0,166602897,0,2339978,0
2019-09-29,0,0,3520238,9525016,0,307817930,0,4327670,0
2019-09-28,0,0,1678922,10720756,0,127472314,0,5391486,0
2019-09-27,0,0,1042409,48912285,0,69142081,0,6044028,0
2019-09-26,0,0,2028700,42678117,0,54661245,0,2961423,0
2019-09-25,0,0,1894822,13182727,0,86500380,0,6246826,0
2019-09-24,0,0,931091,3028704,0,74234631,0,6649774,0
2019-09-23,0,0,945963,6154191,0,49655936,0,9459542,0
2019-09-22,0,0,339294,18841687,0,79061426,0,4535374,0
2019-09-21,0,0,2576137,33270732,0,87777031,0,3906855,0
2019-09-20,0,0,1894496,6251931,0,61335332,0,3171627,0
2019-09-19,0,0,468463,14735568,0,67561502,0,2907213,0
2019-09-18,0,0,747088,58515624,0,72307203,0,6698779,0
2019-09-17,0,0,0,1704357,0,65146199,0,6297003,0
2019-09-16,0,0,325385,22439447,0,64713013,0,7159485,0
2019-09-15,0,0,1691820,28180102,0,102140424,0,5336969,0
2019-09-14,0,0,1271476,28610175,0,48226862,0,5940936,0
2019-09-13,0,0,960963,17634302,0,62834840,0,9715064,0
2019-09-12,0,0,1922310,7870000,0,75352835,0,8539660,0
2019-09-11,0,0,110087,10415237,0,63333697,0,7602013,0
2019-09-10,0,0,2206048,16418026,0,77341904,0,6743898,0
2019-09-09,0,0,1658621,23379358,0,68279094,0,6670989,0
2019-09-08,0,0,1242776,11674705,0,59979773,0,7621562,0
2019-09-07,0,0,3535995,11138963,0,79826810,0,5550187,0
2019-09-06,0,0,435536,11397753,0,82041582,0,5279681,0
2019-09-05,0,0,4405262,14851567,0,72110180,0,4031309,0
2019-09-04,0,0,5041160,37663276,0,85233448,0,15909800,0
2019-09-03,0,0,2512952,11756936,0,104388507,0,4267619,0
2019-09-02,0,0,5523347,11874245,0,93945809,0,3142375,0
2019-09-01,0,0,5899086,27107940,180606,90531080,0,3190225,0
2019-08-31,0,0,3228613,17767729,0,84664536,0,3153618,0
2019-08-30,0,0,9791213,26156274,0,73484935,0,3439913,0
2019-08-29,0,0,9338885,24717874,0,80604277,0,5591306,0
2019-08-28,0,0,7484158,24342811,0,65253309,0,4130393,0
2019-08-27,0,0,6251753,22569135,0,72735050,0,6719770,0
2019-08-26,0,0,11268241,40654197,891480,79634691,0,6140531,0
2019-08-25,0,0,2513698,18775137,0,88862901,0,3727824,0
2019-08-24,0,0,6618704,9494273,0,103823163,0,4559251,0
2019-08-23,0,0,3119882,14077518,0,93909954,0,5180282,0
2019-08-22,0,0,1322895,20665917,0,95831814,0,3612448,0
2019-08-21,0,0,4085767,15700215,71732,72003923,0,6895435,0
2019-08-20,0,0,4496582,31110848,97803,69501093,0,7634947,0
2019-08-19,0,0,4304716,16329190,0,94295169,0,4927466,0
2019-08-18,0,0,5097913,18323210,0,77082550,0,6333867,0
2019-08-17,0,0,5265427,11639796,0,62564827,0,3591052,0
2019-08-16,0,0,6874556,17161488,97803,88394730,0,7626305,0
2019-08-15,0,0,15024172,28104666,0,96515473,0,5624685,0
2019-08-14,0,0,22241198,29003349,0,67576094,0,5528400,0
2019-08-13,0,0,715857,29598821,0,87770161,0,7718662,0
2019-08-12,0,0,6195941,31796096,0,93695715,0,3934866,0
2019-08-11,0,0,2188249,19332522,0,74500116,0,6095468,0
2019-08-10,0,0,1308545,19150826,0,62945340,0,8001683,0
2019-08-09,0,0,325385,20241206,0,63950022,0,4718000,0
2019-08-08,0,0,770683,37221182,0,87830918,0,5751266,0
2019-08-07,0,0,310385,23527804,0,98165145,0,6244235,0
2019-08-06,0,0,932391,12694942,0,64877089,0,6895420,0
2019-08-05,0,0,592006,14185255,0,64600630,0,5771682,0
2019-08-04,0,0,12401733,8336725,0,70027206,0,2749501,0
2019-08-03,0,0,1859650,15772014,0,73265683,0,3532198,0
2019-08-02,0,0,0,12287445,0,55281673,0,1396463,0
2019-08-01,0,0,0,21437672,0,65209117,0,3026882,0
2019-07-31,0,0,325385,22493845,0,66726566,0,3011864,0
2019-07-30,0,0,0,7332446,0,75659007,0,4417373,0
2019-07-29,0,0,325385,17599279,0,89174496,0,5355220,0
2019-07-28,0,0,0,19573578,0,88598538,0,2623174,0
2019-07-27,0,0,13909,11193044,0,57630348,0,2292861,0
2019-07-26,0,0,946709,8691275,0,73183738,0,2861122,0
2019-07-25,0,0,0,16618525,0,48284417,0,3586275,0
2019-07-24,0,0,356692,23848484,0,70056729,0,2340524,0
2019-07-23,0,0,318593,28542697,180606,67936630,0,3494186,0
2019-07-22,0,0,946027,28886457,0,106088988,0,1083980,0
2019-07-21,0,0,46760,18403687,0,77544604,0,897528,0
2019-07-20,0,0,690186,17031919,0,115510594,0,2575091,0
2019-07-19,0,0,452397,23497312,0,91947719,0,1562438,0
2019-07-18,0,0,620706,35211527,0,135744667,0,2243029,0
2019-07-17,0,0,310385,20849145,0,123242211,0,2028982,0
2019-07-16,0,0,175174,35463787,0,45817257,0,671834,0
2019-07-15,0,0,110151,20217024,0,69428763,0,5434326,0
2019-07-14,0,0,2172439,20017466,0,72303709,0,1515126,0
2019-07-13,0,0,0,23091781,0,86732080,0,2150295,0
2019-07-12,0,0,475435,14209679,0,84353957,0,1041084,0
2019-07-11,0,0,635706,15796538,0,72727466,0,1448688,0
2019-07-10,0,0,650706,20622879,0,110597351,0,2267740,0
2019-07-09,0,0,95151,27374346,0,73312331,0,2984826,0
2019-07-08,0,0,325385,26384251,0,94598740,0,3482684,0
2019-07-07,0,0,325385,17108365,0,96113938,0,1234000,0
2019-07-06,0,0,46760,16119718,0,88809566,0,1411458,0
2019-07-05,0,0,311003,16807131,0,65840905,0,1934587,0
2019-07-04,0,0,357145,15611195,430918,73081993,0,3316048,0
2019-07-03,0,0,420536,12727996,180606,113596588,0,2752572,0
2019-07-02,0,0,325385,10757840,3120180,83603801,0,1633426,0
2019-07-01,0,0,1979161,24044057,45503,92941652,0,2498983,0
2019-06-30,0,0,325385,11067359,263409,50725132,0,1655596,0
2019-06-29,0,0,311003,31876638,0,150708042,0,1783843,0
2019-06-28,0,0,577319,30482462,0,93108134,0,2534280,0
2019-06-27,0,0,362979,21037973,97803,125077040,0,2513344,0
2019-06-26,0,0,377297,51412679,0,105432096,0,3952341,0
2019-06-25,0,0,1469273,25485999,0,67346473,0,3330974,0
2019-06-24,0,0,635642,26660659,0,88344250,0,7108854,0
2019-06-23,0,0,963405,23730881,745282,117061952,0,3377295,0
2019-06-22,0,0,141911,12206186,3150180,121914543,0,1944654,0
2019-06-21,0,0,403841,15878950,0,105621549,0,4783501,0
2019-06-20,0,0,126783,27696313,0,76587053,0,4980300,0
2019-06-19,0,0,903009,31173310,0,137759004,0,5938390,0
2019-06-18,0,0,2209177,20986468,0,101739601,0,6574624,0
2019-06-17,0,0,2324855,15746347,0,53483646,0,6946422,0
2019-06-16,0,0,310321,6806573,0,71270884,0,4684261,0
2019-06-15,0,0,1257030,15851661,0,88752192,0,5140161,0
2019-06-14,0,0,1566733,20625555,0,75038360,0,4159704,0
2019-06-13,0,0,2521129,41767262,0,92665930,0,5836978,0
2019-06-12,0,0,839249,19384806,0,145559537,0,5744659,0
2019-06-11,0,0,917327,31392302,0,145498994,0,3452034,0
2019-06-10,0,0,1098745,29872871,0,85077514,0,5467034,0
2019-06-09,0,0,1566733,32442613,0,91622732,0,2590347,0
2019-06-08,0,0,190174,22633147,0,60408898,0,4134431,0
2019-06-07,0,0,3466346,22079757,0,103576735,0,5022709,0
2019-06-06,0,0,0,23003017,0,107017006,0,4134537,0
2019-06-05,0,0,945963,32459188,0,112302445,0,3519416,0
2019-06-04,0,0,95087,22082143,0,121842002,0,4859509,0
2019-06-03,0,0,406090,24001968,0,106222115,0,5025757,0
2019-06-02,0,0,0,13386378,0,67888713,0,5481232,0
2019-06-01,0,0,325321,14430323,0,57895465,0,5721607,0
2019-05-31,0,0,2750553,17378377,0,76279028,0,6319849,0
2019-05-30,0,0,46760,17356288,0,78776351,0,2759527,0
2019-05-29,0,0,888009,17458753,0,109213569,0,3909430,0
2019-05-28,0,0,635642,28230744,0,72995782,0,5210575,0
2019-05-27,0,0,1522969,16449729,0,59529857,0,7477344,0
2019-05-26,0,0,1137694,26869017,0,78535925,0,8324205,0
2019-05-25,0,0,2524582,24438090,0,73264483,0,5549335,0
2019-05-24,0,0,2397342,27003040,0,90865588,0,8787603,0
2019-05-23,0,0,3318927,18896841,0,56939829,0,2923838,0
2019-05-22,0,0,1662374,34534599,0,63506306,0,5506587,0
2019-05-21,0,0,976958,24322873,0,56562443,0,5507055,0
2019-05-20,0,0,960963,21285328,0,59664109,0,5415118,0
2019-05-19,0,0,1306333,13812504,0,60142600,0,5652715,0
2019-05-18,0,0,2243581,23445162,0,62378988,0,3922779,0
2019-05-17,0,0,1599729,17029363,0,62085424,0,2765930,0
2019-05-16,0,0,2775944,22781833,0,62930950,0,6068175,0
2019-05-15,0,0,1286289,31992064,0,47973131,0,3918020,0
2019-05-14,0,0,3174831,42703760,0,73379760,0,5892197,0
2019-05-13,0,0,5535480,28564558,0,59054462,0,5717777,0
2019-05-12,0,0,6517454,15852398,0,61858834,0,3663419,0
2019-05-11,0,0,6348335,25006727,0,59964857,0,1674412,0
2019-05-10,0,0,4122418,32712061,0,78154843,0,3726125,0
2019-05-09,0,0,2427123,29535402,0,93022590,0,4335288,0
2019-05-08,0,0,1018103,24784347,0,72664004,0,5440650,0
2019-05-07,0,0,1596605,26264827,0,54372802,0,4732095,0
2019-05-06,0,0,1957695,16557358,0,64395753,0,4058095,0
2019-05-05,0,0,0,16658348,0,74878931,0,3179030,0
2019-05-04,0,0,3773804,12641776,0,81479144,0,2900400,0
2019-05-03,0,0,156847,13555509,0,91963481,0,4791206,0
2019-05-02,0,0,2512568,27165835,0,69495682,0,5449913,0
2019-05-01,0,0,4319664,21249853,0,74805200,0,4676795,0
2019-04-30,0,0,4415994,26236385,0,104374064,0,3277446,0
2019-04-29,0,0,3919577,29201044,0,70520775,0,3912503,0
2019-04-28,0,0,5209037,11268516,0,87437603,0,2943525,0
2019-04-27,0,0,11540560,7798483,0,66421469,0,2560271,0
2019-04-26,0,0,5044858,12099776,0,65637862,0,2910975,0
2019-04-25,0,0,5757535,29797815,0,56278668,0,4742375,0
2019-04-24,0,0,2100224,16983388,0,80171930,0,6574506,0
2019-04-23,0,0,2374171,36650581,0,67937791,0,5142308,0
2019-04-22,0,0,6747688,25798916,0,65310564,0,3809081,0
2019-04-21,0,0,5400326,15395064,0,87700204,0,3115820,0
2019-04-20,0,0,11394704,6038263,0,114217388,0,4484113,0
2019-04-19,0,0,9632322,18741816,0,62782001,0,4792782,0
2019-04-18,0,0,13793424,21520131,0,94547438,0,3534918,0
2019-04-17,0,0,2751981,8504036,0,91071538,0,3657418,0
2019-04-16,0,0,2507429,23449197,0,91561249,0,3901387,0
2019-04-15,0,0,1944075,8891776,0,98252999,0,4644693,0
2019-04-14,0,0,621324,17372694,0,86486879,0,4676496,0
2019-04-13,0,0,4824002,23066007,0,96708612,0,5675218,0
2019-04-12,0,0,3626354,17022372,0,93563153,0,9942404,0
2019-04-11,0,0,6013213,13826784,0,95696606,0,5268347,0
2019-04-10,0,0,11933748,33995598,0,95013099,0,4712875,0
2019-04-09,0,0,15867488,11279039,0,68172441,0,3206145,0
2019-04-08,0,0,963284,10549980,0,70136897,0,3632896,0
2019-04-07,0,0,514093,14557365,0,78428616,0,3818529,0
2019-04-06,0,0,311003,20188482,0,98633302,0,7898790,0
2019-04-05,0,0,311003,39723052,0,85594672,0,6508211,0
2019-04-04,0,0,0,17785825,0,97932950,0,4173500,0
2019-04-03,0,0,796498,17813016,0,122607957,0,4689772,0
2019-04-02,0,0,2038400,20823582,0,135760992,0,4206499,0
2019-04-01,0,0,325321,23338121,0,132083478,0,5406762,0
2019-03-31,0,0,1538030,19048007,0,130413031,0,2195468,0
2019-03-30,0,0,607006,17687070,0,139440744,0,3461314,0
2019-03-29,0,0,7163481,32179263,0,154343875,0,4663268,0
2019-03-28,0,0,296003,36534668,0,183299669,0,4206111,0
2019-03-27,0,0,1198330,22900401,0,95615857,0,7682520,0
2019-03-26,0,0,2542024,15913755,0,94764861,0,8217576,0
2019-03-25,0,0,1552969,13345350,0,73392264,0,10931994,0
2019-03-24,0,0,4948670,11608733,0,75789518,0,23532475,0
2019-03-23,0,0,902327,6036972,0,85826261,0,2845332,0
2019-03-22,0,0,931645,5629856,0,100265240,0,5426794,0
2019-03-21,0,0,2583692,10403118,0,78612302,0,8299705,0
2019-03-20,0,0,320829,11303336,0,102870617,0,7207229,0
2019-03-19,0,0,1552287,10776841,0,130024850,0,4387986,0
2019-03-18,0,0,1053721,5948717,0,124271717,0,8017196,0
2019-03-17,0,0,1522969,17502590,0,134427141,0,6347088,0
2019-03-16,0,0,2733171,10614513,0,136957395,0,12260845,0
2019-03-15,0,0,13825349,8719025,0,139757085,0,10126243,0
2019-03-14,0,0,978570,15479707,0,119449962,0,4155482,0
2019-03-13,0,0,0,15941963,0,124951726,0,8658145,0
2019-03-12,0,0,1510015,13641771,0,177867283,0,6704727,0
2019-03-11,0,0,4476180,5717334,0,108274807,0,8757937,0
2019-03-10,0,0,1587853,0,0,109475584,0,5430358,0
2019-03-09,0,0,95087,0,0,84277042,0,6542854,0
2019-03-08,0,0,3963265,0,0,108654766,0,9634876,0
2019-03-07,0,0,1241966,0,0,76716730,0,10600050,0
2019-03-06,0,0,2412342,0,0,107038594,0,10594722,0
2019-03-05,0,0,2334467,0,0,100550978,0,7433300,0
2019-03-04,0,0,23897229,0,0,65818587,0,6952397,0
2019-03-03,0,0,3089856,0,0,64273541,0,4015605,0
2019-03-02,0,0,964769,0,0,94980164,0,2836143,0
2019-03-01,0,0,1300090,0,0,99136994,0,5234852,0
2019-02-28,0,0,0,0,0,75343962,0,5200346,0
2019-02-27,0,0,667281,0,0,47237490,0,4746763,0
2019-02-26,0,0,1190172,0,0,61118656,0,4269221,0
2019-02-25,0,0,7609433,0,0,41955094,0,5529500,0
2019-02-24,0,0,0,0,0,51996275,0,4858025,0
2019-02-23,0,0,826498,0,0,65911164,0,3379652,0
2019-02-22,0,0,5484198,0,0,65543718,0,5406001,0
2019-02-21,0,0,917327,0,0,40608092,0,4737278,0
2019-02-20,0,0,1836018,0,0,61043163,0,3764849,0
2019-02-19,0,0,706351,0,0,66950409,0,3850088,0
2019-02-18,0,0,1929735,0,0,58643397,0,5149309,0
2019-02-17,0,0,0,0,0,90936536,0,9625703,0
2019-02-16,0,0,0,0,0,71193491,0,4523115,0
2019-02-15,0,0,9987193,0,0,64862414,0,3600471,0
2019-02-14,0,0,325321,0,0,54200671,0,5343833,0
2019-02-13,0,0,296003,0,0,69919910,0,4417221,0
2019-02-12,0,0,963405,0,0,67973987,0,3724651,0
2019-02-11,0,0,917327,0,0,69716079,0,4037645,0
2019-02-10,0,0,1252410,0,0,66355781,0,6480814,0
2019-02-09,0,0,2481632,0,0,63556634,0,8041513,0
2019-02-08,0,0,5901668,0,0,68314435,0,9664612,0
2019-02-07,0,0,1257648,0,0,72815510,0,6616800,0
2019-02-06,0,0,342763,0,0,78633461,0,5950257,0
2019-02-05,0,0,1805336,0,0,84548247,0,7945128,0
2019-02-04,0,0,0,0,0,65943352,0,3103784,0
2019-02-03,0,0,5582600,0,0,99593108,0,4596522,0
2019-02-02,0,0,5744453,0,0,103138101,0,4090404,0
2019-02-01,0,0,7395053,0,0,112751876,0,5975915,0
2019-01-31,0,0,607006,0,0,73053348,0,4881180,0
2019-01-30,0,0,1537969,0,0,83526782,0,6246966,0
2019-01-29,0,0,507195,0,0,88966539,0,8131480,0
2019-01-28,0,0,0,0,0,92594416,0,5355245,0
2019-01-27,0,0,1398131,0,0,85290103,0,9586979,0
2019-01-26,0,0,945963,0,0,67374136,0,8203408,0
2019-01-25,0,0,4772728,0,0,75298887,0,9375006,0
2019-01-24,0,0,0,0,0,66749943,0,5978519,0
2019-01-23,0,0,607006,0,0,59425717,0,6963958,0
2019-01-22,0,0,311003,0,0,66767697,0,5855095,0
2019-01-21,0,0,0,0,0,90099981,0,6390600,0
2019-01-20,0,0,310321,0,0,62913661,0,5947931,0
2019-01-19,0,0,437892,0,0,60938712,0,3979586,0
2019-01-18,0,0,0,0,0,64402915,0,5173790,0
2019-01-17,0,0,6189499,0,0,60401134,0,11049479,0
2019-01-16,0,0,311003,0,0,74869603,0,12518349,0
2019-01-15,0,0,902327,0,0,44103911,0,5554974,0
2019-01-14,0,0,635642,0,0,59257640,0,14367923,0
2019-01-13,0,0,296003,0,0,67801443,0,2260043,0
2019-01-12,0,0,1600002,0,0,58017349,0,4139913,0
2019-01-11,0,0,3442945,0,0,49285683,0,6231179,0
2019-01-10,0,0,2816097,0,0,110569722,0,3438715,0
2019-01-09,0,0,1290174,0,0,66808592,0,5492301,0
2019-01-08,0,0,476033,0,0,60790433,0,4312329,0
2019-01-07,0,0,0,0,0,39702770,0,3665076,0
2019-01-06,0,0,318529,0,0,41872624,0,2961474,0
2019-01-05,0,0,311003,0,0,52903132,0,1498979,0
2019-01-04,0,0,1924580,0,0,47997825,0,4957937,0
2019-01-03,0,0,1535030,0,0,45932678,0,17130873,0
2019-01-02,0,0,1524333,0,0,50780351,0,3169736,0
2019-01-01,0,0,789706,0,0,38844746,0,1241863,0
2018-12-31,0,0,4129375,0,0,43886534,0,564707,0
2018-12-30,0,0,1821070,0,0,51978000,0,2459001,0
2018-12-29,0,0,5092619,0,0,35593833,0,1669160,0
2018-12-28,0,0,917327,0,0,34952526,0,1682807,0
2018-12-27,0,0,0,0,0,89654596,0,342691,0
2018-12-26,0,0,2223085,0,0,45601402,0,809766,0
2018-12-25,0,0,357763,0,0,36600961,0,431897,0
2018-12-24,0,0,2536001,0,0,30539391,0,994088,0
2018-12-23,0,0,1213330,0,0,129054230,0,3387718,0
2018-12-22,0,0,1620114,0,0,48530796,0,2393740,0
2018-12-21,0,0,6894049,0,0,82421104,0,3320628,0
2018-12-20,0,0,607006,0,0,74896011,0,2213258,0
2018-12-19,0,0,1256284,0,0,32440529,0,3041104,0
2018-12-18,0,0,2557504,0,0,39801129,0,929314,0
2018-12-17,0,0,3160931,0,0,28674075,0,2446536,0
2018-12-16,0,0,1566605,0,0,29770147,0,2662229,0
2018-12-15,0,0,0,0,0,38739990,0,3966947,0
2018-12-14,0,0,5041074,0,0,65915109,0,2791582,0
2018-12-13,0,0,743344,0,0,77004373,0,3482964,0
2018-12-12,0,0,1631635,0,0,50410818,0,1621202,0
2018-12-11,0,0,0,0,0,51624854,0,4517137,0
2018-12-10,0,0,0,0,0,31183039,0,3604430,0
2018-12-09,0,0,667190,0,0,35032579,0,6590607,0
2018-12-08,0,0,979087,0,0,103436698,0,3732899,0
2018-12-07,0,0,5541281,0,0,56043621,0,3588804,0
2018-12-06,0,0,728918,0,0,42551105,0,7685373,0
2018-12-05,0,0,1407762,0,0,46205429,0,5676716,0
2018-12-04,0,0,0,0,0,32850276,0,1692967,0
2018-12-03,0,0,310321,0,0,57111653,0,3077800,0
2018-12-02,0,0,310321,0,0,31915596,0,2154514,0
2018-12-01,0,0,0,0,0,27754859,0,5541237,0
2018-11-30,0,0,1163688,0,0,62613921,0,6326920,0
2018-11-29,0,0,1383813,0,0,11910311,0,2050938,0
2018-11-28,0,0,932327,0,0,30263350,0,4061573,0
2018-11-27,0,0,310321,0,0,20310391,0,5936115,0
2018-11-26,0,0,636324,0,0,21483301,0,3623572,0
2018-11-25,0,0,310321,0,0,20237714,0,4011976,0
2018-11-24,0,0,6266420,0,0,18715757,0,3081884,0
2018-11-23,0,0,5678646,0,0,21192217,0,3428281,0
2018-11-22,0,0,2123618,0,0,28368873,0,3815744,0
2018-11-21,0,0,311003,0,0,18386726,0,1785630,0
2018-11-20,0,0,545495,0,0,8934793,0,6254193,0
2018-11-19,0,0,650642,0,0,23124848,0,2679864,0
2018-11-18,0,0,1804654,0,0,29730309,0,3585746,0
2018-11-17,0,0,3100117,0,0,28909822,0,2582801,0
2018-11-16,0,0,7307136,0,0,32526761,0,9191588,0
2018-11-15,0,0,771377,0,0,54237010,0,4977821,0
2018-11-14,0,0,705027,0,0,15066901,0,4401430,0
2018-11-13,0,0,946645,0,0,28549595,0,5145864,0
2018-11-12,0,0,1329649,0,0,36826966,0,3316893,0
2018-11-11,0,0,7782543,0,0,15581839,0,1640138,0
2018-11-10,0,0,4109855,0,0,12011340,0,2595881,0
2018-11-09,0,0,10517525,0,0,33725420,0,2159889,0
2018-11-08,0,0,3632534,0,0,14675339,0,1499549,0
2018-11-07,0,0,417235,0,0,15587096,0,803500,0
2018-11-06,0,0,1212648,0,0,10071152,0,2339206,0
2018-11-05,0,0,1698697,0,0,19574773,0,6203880,0
2018-11-04,0,0,4981274,0,0,15716821,0,1350800,0
2018-11-03,0,0,325321,0,0,19770366,0,2581482,0
2018-11-02,0,0,5910719,0,0,13183882,0,2834129,0
2018-11-01,0,0,1805336,0,0,20766869,0,1132567,0
2018-10-31,0,0,18110552,0,0,13610674,0,4713594,0
2018-10-30,0,0,24281941,0,0,17919004,0,3985143,0
2018-10-29,0,0,28842,0,0,25883865,0,1808999,0
2018-10-28,0,0,310321,0,0,18070037,0,3035423,0
2018-10-27,0,0,1271335,0,0,15656790,0,1662832,0
2018-10-26,0,0,5280770,0,0,10697070,0,1902383,0
2018-10-25,0,0,3649631,0,0,14157164,0,2617225,0
2018-10-24,0,0,80087,0,0,12114826,0,408480,0
2018-10-23,0,0,645935,0,0,17595295,0,2284013,0
2018-10-22,0,0,1469945,0,0,13755035,0,2752889,0
2018-10-21,0,0,3471199,0,0,18431678,0,482886,0
2018-10-20,0,0,4065457,0,0,23881074,0,2825454,0
2018-10-19,0,0,1836018,0,0,28289056,0,1408072,0
2018-10-18,0,0,4620330,0,0,33146345,0,1066973,0
2018-10-17,0,0,0,0,0,61627239,0,1499754,0
2018-10-16,0,0,46760,0,0,19447026,0,1341933,0
2018-10-15,0,0,212835,0,0,25829945,0,2474596,0
2018-10-14,0,0,0,0,0,31823709,0,738369,0
2018-10-13,0,0,357081,0,0,25061808,0,1270648,0
2018-10-12,0,0,3040645,0,0,18061329,0,1177214,0
2018-10-11,0,0,66976,0,0,21522362,0,775159,0
2018-10-10,0,0,0,0,0,13667581,0,1221119,0
2018-10-09,0,0,387081,0,0,33054778,0,1784748,0
2018-10-08,0,0,310321,0,0,16759560,0,2825858,0
2018-10-07,0,0,0,0,0,15990691,0,2870588,0
2018-10-06,0,0,712402,0,0,16810839,0,689641,0
2018-10-05,0,0,675642,0,0,20872110,0,1098349,0
2018-10-04,0,0,0,0,0,13686495,0,1582085,0
2018-10-03,0,0,2555353,0,0,25871477,0,977974,0
2018-10-02,0,0,435344,0,0,20347410,0,3862175,0
2018-10-01,0,0,392297,0,0,10890052,0,1428437,0
2018-09-30,0,0,28778,0,0,16331195,0,582910,0
2018-09-29,0,0,0,0,0,12119765,0,505483,0
2018-09-28,0,0,0,0,0,13707287,0,776589,0
2018-09-27,0,0,0,0,0,15359634,0,358667,0
2018-09-26,0,0,635642,0,0,13263473,0,237534,0
2018-09-25,0,0,650642,0,0,13527563,0,864576,0
2018-09-24,0,0,0,0,0,17898469,0,1173628,0
2018-09-23,0,0,675642,0,0,14083229,0,539844,0
2018-09-22,0,0,3716848,0,0,19653672,0,3076175,0
2018-09-21,0,0,0,0,0,10062272,0,730520,0
2018-09-20,0,0,0,0,0,14516197,0,269922,0
2018-09-19,0,0,0,0,0,11201357,0,1059217,0
2018-09-18,0,0,0,0,0,14371212,0,3305997,0
2018-09-17,0,0,675657,0,0,13397928,0,2231128,0
2018-09-16,0,0,2230288,0,0,16774842,0,1499305,0
2018-09-15,0,0,0,0,0,16777160,0,912211,0
2018-09-14,0,0,0,0,0,16915709,0,313272,0
2018-09-13,0,0,46696,0,0,36299238,0,1996190,0
2018-09-12,0,0,1486688,0,0,12184318,0,1012888,0
2018-09-11,0,0,0,0,0,10511830,0,1868776,0
2018-09-10,0,0,325321,0,0,8028532,0,3857353,0
2018-09-09,0,0,325321,0,0,11456709,0,2108131,0
2018-09-08,0,0,0,0,0,15451158,0,1341085,0
2018-09-07,0,0,340321,0,0,13466287,0,2051461,0
2018-09-06,0,0,0,0,0,17042709,0,1679203,0
2018-09-05,0,0,325321,0,0,16066866,0,1179948,0
2018-09-04,0,0,26677128,0,0,8579257,0,2404263,0
2018-09-03,0,0,0,0,0,13618740,0,802357,0
2018-09-02,0,0,0,0,0,9864090,0,257295,0
2018-09-01,0,0,0,0,0,13061433,0,175120,0
2018-08-31,0,0,0,0,0,15723483,0,228674,0
2018-08-30,0,0,0,0,0,14490514,0,319071,0
2018-08-29,0,0,0,0,0,27762368,0,619804,0
2018-08-28,0,0,0,0,0,19803455,0,380478,0
2018-08-27,0,0,0,0,0,21114546,0,1536179,0
2018-08-26,0,0,0,0,0,20167125,0,3037050,0
2018-08-25,0,0,0,0,0,11367477,0,603473,0
2018-08-24,0,0,0,0,0,10780566,0,1057625,0
2018-08-23,0,0,0,0,0,15779647,0,1213456,0
2018-08-22,0,0,0,0,0,17854044,0,794084,0
2018-08-21,0,0,0,0,0,20271470,0,2427539,0
2018-08-20,0,0,0,0,0,9692130,0,413578,0
2018-08-19,0,0,0,0,0,15370182,0,575261,0
2018-08-18,0,0,0,0,0,29342589,0,494962,0
2018-08-17,0,0,0,0,0,18835429,0,503109,0
2018-08-16,0,0,0,0,0,10530409,0,277890,0
2018-08-15,0,0,0,0,0,10892903,0,415895,0
2018-08-14,0,0,0,0,0,21107820,0,214696,0
2018-08-13,0,0,0,0,0,17397399,0,433747,0
2018-08-12,0,0,0,0,0,21854169,0,124823,0
2018-08-11,0,0,0,0,0,34413450,0,495141,0
2018-08-10,0,0,0,0,0,28056060,0,360231,0
2018-08-09,0,0,0,0,0,26764179,0,675657,0
2018-08-08,0,0,0,0,0,27758402,0,977908,0
2018-08-07,0,0,0,0,0,45897651,0,709852,0
2018-08-06,0,0,0,0,0,111414688,0,4062343,0
2018-08-05,0,0,0,0,0,102009085,0,643336,0
2018-08-04,0,0,0,0,0,118517930,0,1480104,0
2018-08-03,0,0,0,0,0,66261558,0,2237298,0
2018-08-02,0,0,0,0,0,72213127,0,2424089,0
2018-08-01,0,0,0,0,0,24646575,0,2259595,0
2018-07-31,0,0,0,0,0,7396171,0,1847612,0
2018-07-30,0,0,0,0,0,13453972,0,1272785,0
2018-07-29,0,0,0,0,0,5277122,0,700481,0
2018-07-28,0,0,0,0,0,4043751,0,335775,0
2018-07-27,0,0,0,0,0,6352805,0,907198,0
2018-07-26,0,0,0,0,0,4608815,0,3304510,0
2018-07-25,0,0,0,0,0,10362623,0,3786772,0
2018-07-24,0,0,0,0,0,4862953,0,5088878,0
2018-07-23,0,0,0,0,0,4849100,0,654432,0
2018-07-22,0,0,0,0,0,4682267,0,544881,0
2018-07-21,0,0,0,0,0,2841556,0,1093443,0
2018-07-20,0,0,0,0,0,4592482,0,1914007,0
2018-07-19,0,0,0,0,0,10883588,0,446266,0
2018-07-18,0,0,0,0,0,5033203,0,371361,0
2018-07-17,0,0,0,0,0,5472270,0,16615349,0
2018-07-16,0,0,0,0,0,5143468,0,94678018,0
2018-07-15,0,0,0,0,0,1016781,0,176396,0
2018-07-14,0,0,0,0,0,779620,0,0,0
2018-07-13,0,0,0,0,0,2314361,0,0,0
2018-07-12,0,0,0,0,0,2655500,0,719902,0
2018-07-11,0,0,0,0,0,4466976,0,467225,0
2018-07-10,0,0,0,0,0,3118119,0,298618,0
2018-07-09,0,0,0,0,0,6130485,0,155763,0
2018-07-08,0,0,0,0,0,4757760,0,903672,0
2018-07-07,0,0,0,0,0,389810,0,0,0
2018-07-06,0,0,0,0,0,452810,0,870296,0
2018-07-05,0,0,0,0,0,0,0,439604,0
2018-07-04,0,0,0,0,0,0,0,110364,0
2018-07-03,0,0,0,0,0,0,0,44987,0
2018-07-02,0,0,0,0,0,661917,0,495141,0
2018-07-01,0,0,0,0,0,389810,0,438703,0
2018-06-30,0,0,0,0,0,411433,0,706890,0
2018-06-29,0,0,0,0,0,861850,0,445342,0
2018-06-28,0,0,0,0,0,470824,0,379553,0
2018-06-27,0,0,0,0,0,565298,0,899940,0
2018-06-26,0,0,0,0,0,389810,0,432033,0
2018-06-25,0,0,0,0,0,385467,0,2189957,0
2018-06-24,0,0,0,0,0,0,0,1077093,0
2018-06-23,0,0,0,0,0,42000,0,89278,0
2018-06-22,0,0,0,0,0,954556,0,473585,0
2018-06-21,0,0,0,0,0,5385578,0,29639,0
2018-06-20,0,0,0,0,0,1318109,0,134961,0
2018-06-19,0,0,0,0,0,1446977,0,29575,0
2018-06-18,0,0,0,0,0,574586,0,0,0
2018-06-17,0,0,0,0,0,1160788,0,445733,0
2018-06-16,0,0,0,0,0,1637964,0,495077,0
2018-06-15,0,0,0,0,0,1221115,0,21329,0
2018-06-14,0,0,0,0,0,653471,0,0,0
2018-06-13,0,0,0,0,0,598355,0,646855,0
2018-06-12,0,0,0,0,0,9099113,0,1071298,0
2018-06-11,0,0,0,0,0,0,0,89974,0
2018-06-10,0,0,0,0,0,0,0,335647,0
2018-06-09,0,0,0,0,0,0,0,267877,0
2018-06-08,0,0,0,0,0,0,0,65789,0
2018-06-07,0,0,0,0,0,0,0,632905,0
2018-06-06,0,0,0,0,0,0,0,1123198,0
2018-06-05,0,0,0,0,0,0,0,673040,0
2018-06-04,0,0,0,0,0,0,0,1474613,0
2018-06-03,0,0,0,0,0,0,0,199345,0
2018-06-02,0,0,0,0,0,0,0,625262,0
2018-06-01,0,0,0,0,0,0,0,831110,0
2018-05-31,0,0,0,0,0,0,0,2955053,0
2018-05-30,0,0,0,0,0,0,0,1007172,0
2018-05-29,0,0,0,0,0,21000,0,43350,0
2018-05-28,0,0,0,0,0,0,0,291008,0
2018-05-27,0,0,0,0,0,0,0,574016,0
2018-05-26,0,0,0,0,0,0,0,477331,0
2018-05-25,0,0,0,0,0,21000,0,478145,0
2018-05-24,0,0,0,0,0,0,0,1144587,0
2018-05-23,0,0,0,0,0,0,0,2737745,0
2018-05-22,0,0,0,0,0,0,0,294676,0
2018-05-20,0,0,0,0,0,0,0,689623,0
2018-05-19,0,0,0,0,0,0,0,686416,0
2018-05-18,0,0,0,0,0,0,0,881070,0
2018-05-17,0,0,0,0,0,0,0,320647,0
2018-05-16,0,0,0,0,0,0,0,811742,0
2018-05-15,0,0,0,0,0,0,0,646277,0
2018-05-14,0,0,0,0,0,0,0,333899,0
2018-05-13,0,0,0,0,0,0,0,571182,0
2018-05-12,0,0,0,0,0,42000,0,225219,0
2018-05-11,0,0,0,0,0,0,0,1269702,0
2018-05-09,0,0,0,0,0,0,0,140550,0
2018-05-08,0,0,0,0,0,0,0,703620,0
2018-05-07,0,0,0,0,0,42000,0,128666,0
2018-05-06,0,0,0,0,0,0,0,87118,0
2018-05-04,0,0,0,0,0,0,0,453234,0
2018-05-03,0,0,0,0,0,0,0,635627,0
2018-05-02,0,0,0,0,0,0,0,700887,0
2018-05-01,0,0,0,0,0,0,0,916521,0
2018-04-30,0,0,0,0,0,0,0,2715756,0
2018-04-29,0,0,0,0,0,0,0,2194902,0
2018-04-28,0,0,0,0,0,21000,0,405376,0
2018-04-27,0,0,0,0,0,0,0,352606,0
2018-04-26,0,0,0,0,0,0,0,1971936,0
2018-04-25,0,0,0,0,0,0,0,2586173,0
2018-04-24,0,0,0,0,0,0,0,2024000,0
2018-04-23,0,0,0,0,0,0,0,702525,0
2018-04-22,0,0,0,0,0,0,0,110776,0
2018-04-21,0,0,0,0,0,0,0,1170734,0
2018-04-20,0,0,0,0,0,0,0,1218765,0
2018-04-19,0,0,0,0,0,0,0,1568624,0
2018-04-18,0,0,0,0,0,21000,0,3275491,0
2018-04-17,0,0,0,0,0,0,0,361406,0
2018-04-16,0,0,0,0,0,0,0,2419877,0
2018-04-15,0,0,0,0,0,0,0,450438,0
2018-04-14,0,0,0,0,0,0,0,140550,0
2018-04-13,0,0,0,0,0,0,0,269922,0
2018-04-10,0,0,0,0,0,0,0,44987,0
2018-04-09,0,0,0,0,0,0,0,110776,0
2018-04-08,0,0,0,0,0,0,0,2477409,0
2018-04-07,0,0,0,0,0,0,0,270206,0
2018-04-05,0,0,0,0,0,0,0,1701619,0
2018-04-03,0,0,0,0,0,2095229,0,0,0
2018-04-01,0,0,0,0,0,0,0,1842572,0
2018-02-15,0,0,0,0,0,2079832,0,0,0
2018-02-14,0,0,0,0,0,2258519,0,0,0
2018-01-26,0,0,0,0,0,29667,0,0,0
2018-01-08,0,0,0,0,0,1897960,0,0,0
2018-01-02,0,0,0,0,0,3994137,0,0,0
