Date,Estimated TWh per Year,Minimum TWh per Year
2017/5/20,2.338303676,2.131205326
2017/5/21,2.331935882,2.229735423
2017/5/22,2.406776469,2.275484122
2017/5/23,2.479115952,2.227112613
2017/5/24,2.558065229,2.259307284
2017/5/25,2.646792663,2.264728384
2017/5/26,2.594668865,2.265016354
2017/5/27,2.405446578,2.337235469
2017/5/28,2.476709775,2.324489949
2017/5/29,2.554141856,2.420611679
2017/5/30,2.640266675,2.5750455
2017/5/31,2.730854387,2.620293323
2017/6/01,2.826686671,2.626109023
2017/6/02,2.907777141,2.704774783
2017/6/03,2.981139609,2.679535513
2017/6/04,3.064259804,2.797396452
2017/6/05,3.144804884,2.819195431
2017/6/06,3.237369948,2.904962236
2017/6/07,3.323433237,2.979114599
2017/6/08,3.413413526,3.053939407
2017/6/09,3.506484564,3.045974463
2017/6/10,3.610107044,3.14029973
2017/6/11,3.723905339,3.25248524
2017/6/12,3.797648629,3.264021418
2017/6/13,3.727929747,3.343921371
2017/6/14,3.72072264,3.444172562
2017/6/15,3.703363615,3.499038777
2017/6/16,3.599742448,3.552171505
2017/6/17,3.741162104,3.710890996
2017/6/18,3.860209623,3.748623228
2017/6/19,3.969327085,3.787478414
2017/6/20,4.093115521,3.854525146
2017/6/21,4.179562149,3.941545663
2017/6/22,4.259887252,3.920404035
2017/6/23,4.275458639,3.952378806
2017/6/24,4.205760974,4.02581075
2017/6/25,4.247844107,4.09776913
2017/6/26,4.280749215,4.168411209
2017/6/27,4.311585014,4.23087092
2017/6/28,4.339531991,4.330508892
2017/6/29,4.402986825,4.386876372
2017/6/30,4.412059266,4.412059266
2017/7/01,4.428560714,4.428560714
2017/7/02,4.470532744,4.470532744
2017/7/03,4.503891803,4.503891803
2017/7/04,4.551541854,4.551541854
2017/7/05,4.603850652,4.603850652
2017/7/06,4.685427549,4.685427549
2017/7/07,4.720315752,4.720315752
2017/7/08,4.751416039,4.751416039
2017/7/09,4.806605585,4.806605585
2017/7/10,4.843731356,4.843731356
2017/7/11,4.859572081,4.859572081
2017/7/12,4.834840314,4.834840314
2017/7/13,4.840132576,4.840132576
2017/7/14,4.833023552,4.833023552
2017/7/15,4.803703789,4.803703789
2017/7/16,4.766715987,4.766715987
2017/7/17,4.749909102,4.749909102
2017/7/18,4.729485189,4.729485189
2017/7/19,4.71051288,4.71051288
2017/7/20,4.703696299,4.703696299
2017/7/21,4.707310941,4.707310941
2017/7/22,4.690474705,4.690474705
2017/7/23,4.676305646,4.676305646
2017/7/24,4.675493445,4.675493445
2017/7/25,4.730304951,4.730304951
2017/7/26,4.744228809,4.744228809
2017/7/27,4.785168591,4.785168591
2017/7/28,4.809768098,4.809768098
2017/7/29,4.830499391,4.830499391
2017/7/30,4.853878435,4.853878435
2017/7/31,4.887976881,4.887976881
2017/8/01,4.919774492,4.919774492
2017/8/02,4.889810866,4.889810866
2017/8/03,4.838633991,4.838633991
2017/8/04,4.84,4.84
2017/8/05,4.852393322,4.852393322
2017/8/06,4.796543686,4.796543686
2017/8/07,4.762762796,4.762762796
2017/8/08,4.754496176,4.754496176
2017/8/09,4.731194094,4.731194094
2017/8/10,4.73400001,4.73400001
2017/8/11,4.71080465,4.71080465
2017/8/12,4.69375845,4.69375845
2017/8/13,4.670178915,4.670178915
2017/8/14,4.654739543,4.654739543
2017/8/15,4.700600937,4.700600937
2017/8/16,4.726813895,4.726813895
2017/8/17,4.75,4.75
2017/8/18,4.788302893,4.788302893
2017/8/19,4.870241654,4.870241654
2017/8/20,4.907628335,4.907628335
2017/8/21,4.935898541,4.935898541
2017/8/22,4.975164539,4.975164539
2017/8/23,5.007083634,5.007083634
2017/8/24,5.058159453,5.058159453
2017/8/25,5.113268468,5.113268468
2017/8/26,5.112862742,5.112862742
2017/8/27,5.087907653,5.087907653
2017/8/28,5.061299627,5.061299627
2017/8/29,5.031147042,5.031147042
2017/8/30,5.013370788,5.013370788
2017/8/31,4.979932314,4.979932314
2017/9/01,4.958155193,4.958155193
2017/9/02,4.933731895,4.933731895
2017/9/03,4.894696514,4.894696514
2017/9/04,4.859700449,4.859700449
2017/9/05,4.822876904,4.822876904
2017/9/06,4.780234108,4.780234108
2017/9/07,4.731589532,4.731589532
2017/9/08,4.753140801,4.753140801
2017/9/09,4.766265094,4.766265094
2017/9/10,4.785301022,4.785301022
2017/9/11,4.821213995,4.821213995
2017/9/12,4.847920237,4.847920237
2017/9/13,4.88372815,4.88372815
2017/9/14,4.895908541,4.895908541
2017/9/15,4.914029442,4.914029442
2017/9/16,4.939625356,4.939625356
2017/9/17,4.958438618,4.958438618
2017/9/18,4.98333534,4.98333534
2017/9/19,5.014094874,5.014094874
2017/9/20,5.038793163,5.038793163
2017/9/21,5.050993609,5.050993609
2017/9/22,5.076871282,5.076871282
2017/9/23,5.070586932,5.070586932
2017/9/24,5.010829315,5.010829315
2017/9/25,4.949051345,4.949051345
2017/9/26,4.892563486,4.892563486
2017/9/27,4.825291582,4.825291582
2017/9/28,4.771811615,4.771811615
2017/9/29,4.7071922,4.7071922
2017/9/30,4.64124847,4.64124847
2017/10/01,4.573287796,4.573287796
2017/10/02,4.500030942,4.500030942
2017/10/03,4.431361601,4.431361601
2017/10/04,4.35316785,4.35316785
2017/10/05,4.28903336,4.28903336
2017/10/06,4.262728543,4.262728543
2017/10/07,4.27600234,4.27600234
2017/10/08,4.283129579,4.283129579
2017/10/09,4.293989093,4.293989093
2017/10/10,4.3216071,4.3216071
2017/10/11,4.323231099,4.323231099
2017/10/12,4.345141634,4.345141634
2017/10/13,4.363375688,4.363375688
2017/10/14,4.387798417,4.387798417
2017/10/15,4.41267548,4.41267548
2017/10/16,4.428373309,4.428373309
2017/10/17,4.539229036,4.539229036
2017/10/18,4.925077132,4.925077132
2017/10/19,5.326147452,5.326147452
2017/10/20,5.747775742,5.747775742
2017/10/21,6.181089808,6.181089808
2017/10/22,6.581258149,6.581258149
2017/10/23,7.003932795,7.003932795
2017/10/24,7.41899239,7.41899239
2017/10/25,7.830029867,7.830029867
2017/10/26,8.24564261,8.24564261
2017/10/27,8.626154239,8.325123765
2017/10/28,9.076256775,8.52708617
2017/10/29,9.196264139,8.729785201
2017/10/30,9.256343396,8.293875801
2017/10/31,9.335183131,8.386274641
2017/11/01,9.376460489,8.63605041
2017/11/02,9.420172072,8.278854304
2017/11/03,9.437499436,8.180801576
2017/11/04,9.50570088,8.119017418
2017/11/05,9.55304828,8.263932668
2017/11/06,9.603916527,8.252663601
2017/11/07,9.627722556,8.128718958
2017/11/08,9.68362066,8.371883458
2017/11/09,9.763040104,8.189257038
2017/11/10,9.787091113,8.256983414
2017/11/11,9.758460411,8.340768819
2017/11/12,9.885068052,8.565165925
2017/11/13,9.968796755,8.396602985
2017/11/14,9.99448332,8.323055388
2017/11/15,10.05480204,8.231530193
2017/11/16,10.12502153,8.054330264
2017/11/17,10.1757538,8.068490116
2017/11/18,10.24880791,7.99595777
2017/11/19,10.26064465,8.103613294
2017/11/20,10.3342632,8.52456532
2017/11/21,10.3976165,8.46368515
2017/11/22,10.41712191,8.422184643
2017/11/23,10.47289052,8.740673296
2017/11/24,10.58325548,8.86529763
2017/11/25,10.58589521,8.962789248
2017/11/26,10.6449514,8.941704635
2017/11/27,10.72905978,8.856144016
2017/11/28,10.79505542,8.656364307
2017/11/29,10.8508926,8.725104268
2017/11/30,10.88971891,8.883950794
2017/12/01,10.960318,8.806906422
2017/12/02,11.02026887,8.9136299
2017/12/03,11.04700306,8.613519903
2017/12/04,11.07472688,8.586409102
2017/12/05,11.0948165,8.283658149
2017/12/06,11.0649785,8.237759143
2017/12/07,11.0588532,8.313014225
2017/12/08,11.08661474,8.686289153
2017/12/09,11.03072534,8.64628471
2017/12/10,11.10066128,8.618181443
2017/12/11,11.0722814,8.633970359
2017/12/12,11.14006927,8.613149153
2017/12/13,11.17604334,8.79376779
2017/12/16,11.71296608,9.460688537
2017/12/17,11.71296608,9.412753842
2017/12/18,11.72615581,9.479318416
2017/12/19,11.65698144,9.26301073
2017/12/20,11.3498309,9.08832402
2017/12/21,11.05977362,9.184978797
2017/12/22,10.89014858,9.078025642
2017/12/23,10.54625979,9.393803787
2017/12/24,10.20532814,9.730976805
2017/12/25,9.877678088,9.877678088
2017/12/26,9.646253444,9.646253444
2017/12/27,9.467532494,9.467532494
2017/12/28,9.491567634,9.491567634
2017/12/29,9.47857518,9.47857518
2017/12/30,9.505283961,9.505283961
2017/12/31,9.556106503,9.556106503
2018/1/01,9.611465474,9.611465474
2018/1/02,9.699422627,9.699422627
2018/1/03,9.770132925,9.770132925
2018/1/04,9.847217634,9.696404608
2018/1/05,9.948720598,9.691868695
2018/1/06,10.03023899,9.598958324
2018/1/07,10.14506703,9.811489988
2018/1/08,10.26512523,10.06502236
2018/1/09,10.3951382,10.04298695
2018/1/10,10.5325654,9.971028024
2018/1/11,10.65754637,10.39833516
2018/1/12,10.66417223,10.39773061
2018/1/13,10.93421608,10.62253663
2018/1/14,11.09869138,10.74828097
2018/1/15,11.23554505,10.80876323
2018/1/16,11.34572222,10.87963882
2018/1/17,11.44056317,11.12522941
2018/1/18,11.54657811,11.24344186
2018/1/19,11.65224938,11.30087056
2018/1/20,11.76852026,11.69385804
2018/1/21,11.9040206,11.9040206
2018/1/22,12.00701018,12.00701018
2018/1/23,12.10394785,12.10394785
2018/1/24,12.20754205,12.20754205
2018/1/25,12.31499043,12.31499043
2018/1/26,12.42006144,12.42006144
2018/1/27,12.53038947,12.42879519
2018/1/28,12.6830719,12.40595941
2018/1/29,12.78677348,12.78677348
2018/1/30,12.91522121,12.69822618
2018/1/31,13.02664356,12.83515539
2018/2/01,13.13356865,13.07838194
2018/2/02,13.22200823,13.22200823
2018/2/03,13.31125669,13.31125669
2018/2/04,13.43115638,13.43115638
2018/2/05,13.5010371,13.5010371
2018/2/06,13.56581403,13.56581403
2018/2/07,13.64226965,13.64226965
2018/2/08,13.62416041,13.62416041
2018/2/09,13.61035062,13.61035062
2018/2/10,13.59750825,13.59750825
2018/2/11,13.58115139,13.58115139
2018/2/12,13.56870216,13.56870216
2018/2/13,13.6462459,13.6462459
2018/2/14,13.72949145,13.72949145
2018/2/15,13.81674422,13.81674422
2018/2/16,13.93565094,13.93565094
2018/2/17,14.02664845,14.02664845
2018/2/18,14.11366249,14.11366249
2018/2/19,14.20182899,14.20182899
2018/2/20,14.28801547,13.92879221
2018/2/21,14.39921722,13.54602706
2018/2/22,14.47395431,14.00686876
2018/2/23,14.55233331,13.87892749
2018/2/24,14.62870741,14.04416153
2018/2/25,14.70526685,14.50140575
2018/2/26,14.7841738,14.22228972
2018/2/27,14.89911579,13.89445444
2018/2/28,14.97880127,14.24268889
2018/3/01,15.05847528,14.46732103
2018/3/02,15.13726096,14.16027447
2018/3/03,15.21589607,14.6711695
2018/3/04,15.29398377,14.59652198
2018/3/05,15.40724698,14.48651825
2018/3/06,15.48223834,14.38456833
2018/3/07,15.55066227,14.49118353
2018/3/08,15.61451283,14.74086326
2018/3/09,15.67438727,14.43906476
2018/3/10,15.73648994,14.34590884
2018/3/11,15.83416341,14.27943303
2018/3/12,15.89590386,14.34083024
2018/3/13,15.95595502,14.30857099
2018/3/14,16.01024739,14.12089594
2018/3/15,16.06034276,14.08854208
2018/3/16,16.11116912,14.68217251
2018/3/17,16.19497763,14.50920715
2018/3/18,16.23536689,14.63380174
2018/3/19,16.27876968,14.76972907
2018/3/20,16.32279339,14.64237021
2018/3/21,16.36772862,14.53951026
2018/3/22,16.41278838,14.39044902
2018/3/23,16.492128,14.5269421
2018/3/24,16.53311599,14.33785259
2018/3/25,16.57638878,14.5708839
2018/3/26,16.61477511,14.67579117
2018/3/27,16.64925872,14.34769201
2018/3/28,16.68308311,14.20220097
2018/3/29,16.75019284,13.96217612
2018/3/30,16.77761937,13.98549159
2018/3/31,16.80598436,13.95436393
2018/4/01,16.83222045,14.20537456
2018/4/02,16.85917579,14.04920979
2018/4/03,16.88818598,13.73524123
2018/4/04,16.95372201,13.73657813
2018/4/05,16.98004183,13.68828755
2018/4/06,17.00547811,14.00257501
2018/4/07,17.03231547,14.04753384
2018/4/08,17.06074504,13.86743461
2018/4/09,17.08955601,13.31132408
2018/4/10,17.15817889,13.39338253
2018/4/11,17.18920271,13.39693336
2018/4/12,17.22425638,13.17837798
2018/4/13,17.26404945,12.95481659
2018/4/14,17.30362623,13.12232918
2018/4/15,17.34514241,13.10191456
2018/4/16,17.42522305,13.13220357
2018/4/17,17.46570499,13.08949897
2018/4/18,17.50688248,12.80435614
2018/4/19,17.55143992,12.65650011
2018/4/20,17.60007028,12.63498324
2018/4/22,17.65279404,13.00734144
2018/4/24,17.84928092,12.8267898
2018/4/25,17.80663988,12.76795559
2018/4/26,17.8604268,13.03755615
2018/4/27,17.91696297,12.81244004
2018/4/28,17.97520505,12.76152005
2018/4/29,18.03333566,12.80654451
2018/4/30,18.09039035,12.82306833
2018/5/01,18.18755201,12.56119272
2018/5/02,18.24555883,12.26404577
2018/5/03,18.3103875,12.381591
2018/5/04,18.37962268,12.63757619
2018/5/05,18.45180931,12.75363033
2018/5/06,18.52021043,12.93493149
2018/5/07,18.62631179,13.22692941
2018/5/08,18.67762266,13.23103231
2018/5/09,18.72864005,12.78689921
2018/5/10,18.77923407,12.84995381
2018/5/11,18.82241106,12.82942221
2018/5/12,18.86340123,13.00447997
2018/5/13,18.95041972,13.17954269
2018/5/14,18.99631129,12.90504496
2018/5/15,19.04195315,12.54549042
2018/5/16,19.0855156,12.50683484
2018/5/17,19.12797988,12.48421048
2018/5/18,19.1682091,12.51004467
2018/5/19,19.2511375,12.19668453
2018/5/20,19.29560244,12.32544611
2018/5/21,19.33862582,12.60283883
2018/5/22,19.37769122,12.56650358
2018/5/23,19.40971376,12.2235084
2018/5/24,19.43978512,12.16502768
2018/5/25,19.5119278,11.81651695
2018/5/26,19.54322222,12.01879073
2018/5/27,19.57167843,12.04628817
2018/5/28,19.59543513,11.93284845
2018/5/29,19.62152818,11.85623476
2018/5/30,19.64833268,11.64137359
2018/5/31,19.71911124,11.91394588
2018/6/01,19.74708742,11.6183562
2018/6/02,19.77619805,11.67045922
2018/6/03,19.80761001,11.73514841
2018/6/04,19.83664288,11.56980839
2018/6/05,19.86591377,11.88628096
2018/6/06,19.89551764,11.58560737
2018/6/07,19.9685498,11.52482721
2018/6/08,19.9974138,11.62180198
2018/6/09,20.02586665,12.06741613
2018/6/10,20.04890186,12.06788576
2018/6/11,20.1137266,11.72128729
2018/6/12,20.13302418,12.13928333
2018/6/13,20.19177175,12.03751271
2018/6/14,20.25092763,12.094182
2018/6/15,20.26534976,12.00685981
2018/6/16,20.32141457,12.1244832
2018/6/17,20.37761767,12.31044742
2018/6/18,20.43219793,12.57649258
2018/6/19,20.48821719,12.68871627
2018/6/20,20.50320731,12.54118021
2018/6/21,20.56017202,12.70987743
2018/6/22,20.61227291,12.59869792
2018/6/23,20.66353614,12.57537735
2018/6/24,20.70800996,12.88691121
2018/6/25,20.71968719,12.54554073
2018/6/26,20.7675955,12.36579595
2018/6/27,20.80839562,12.85084016
2018/6/28,20.84244028,12.6806007
2018/6/29,20.83743501,12.43235394
2018/6/30,20.86448278,12.71588843
2018/7/01,20.89823592,12.53471131
2018/7/02,20.93094101,12.54926602
2018/7/03,20.92635893,12.79402295
2018/7/04,20.94922116,12.6762218
2018/7/05,20.97262888,12.8946604
2018/7/06,20.99133242,12.89832586
2018/7/07,20.98116416,12.97682421
2018/7/08,20.99923019,12.62048027
2018/7/09,21.01011719,12.84621134
2018/7/10,20.98873111,12.80979395
2018/7/11,20.97725216,12.35423926
2018/7/12,20.95226653,12.58028633
2018/7/13,20.93237127,12.68094635
2018/7/14,20.90942106,12.54447793
2018/7/15,20.886508,12.55450356
2018/7/16,20.88320186,12.60385831
2018/7/17,20.86548164,12.42056577
2018/7/18,20.85149509,12.4639067
2018/7/19,20.83581704,12.31519645
2018/7/20,20.81741274,12.33679997
2018/7/21,20.80083839,11.75017101
2018/7/22,20.7871187,12.01362807
2018/7/23,20.80543789,12.53858677
2018/7/24,20.79210909,12.24791766
2018/7/25,20.77824468,12.4354263
2018/7/26,20.76591219,12.55530087
2018/7/27,20.75477532,12.50751703
2018/7/28,20.7431838,12.65088256
2018/7/29,20.73036381,12.68904934
2018/7/30,20.74434385,12.79619869
2018/7/31,20.73031199,12.5515054
2018/8/01,20.71578159,12.4911414
2018/8/02,20.70135219,12.48222007
2018/8/03,20.71872107,12.36779333
2018/8/04,20.74140886,12.52834894
2018/8/05,20.72996342,12.5656116
2018/8/06,20.75539771,12.65031477
2018/8/07,20.78471414,12.52747569
2018/8/08,20.76845026,12.51366493
2018/8/09,20.78251399,12.6332058
2018/8/10,20.79470333,12.56248153
2018/8/11,20.80299082,12.4098739
2018/8/12,20.78157214,12.17736881
2018/8/13,20.79326078,12.11817939
2018/8/14,20.80287749,12.23694969
2018/8/15,20.8137009,12.24891087
2018/8/16,20.78717268,11.91556137
2018/8/17,20.79425329,11.99134068
2018/8/18,20.7982892,11.79612547
2018/8/19,20.7675823,11.88853484
2018/8/20,20.76190917,12.00649693
2018/8/21,20.75115264,12.02550025
2018/8/22,20.71436686,12.27154333
2018/8/23,20.70142375,11.83895826
2018/8/24,20.69135741,11.66794347
2018/8/25,20.67974348,12.04070309
2018/8/26,20.6428871,12.02265892
2018/8/27,20.63342595,11.87373209
2018/8/28,20.62024569,11.74439323
2018/8/29,20.58283061,11.59474065
2018/8/30,20.56576384,11.57233312
2018/8/31,20.54727967,11.67228125
2018/9/01,20.50696709,11.41590909
2018/9/02,20.48168458,11.35818718
2018/9/03,20.45319133,11.39735304
2018/9/04,20.41191285,11.26028369
2018/9/05,20.3922841,11.36636587
2018/9/06,20.34010281,11.29019943
2018/9/07,20.29277548,11.23773274
2018/9/08,20.24060454,11.00610618
2018/9/09,20.19039348,10.47971333
2018/9/10,20.14400876,10.41986372
2018/9/11,20.09924058,10.40260762
2018/9/12,20.05446685,10.08927053
2018/9/13,20.01328745,9.89642189
2018/9/14,19.96417797,10.02659665
2018/9/15,19.91773368,10.02874656
2018/9/16,19.87781399,9.965431582
2018/9/17,19.83075297,9.998964098
2018/9/18,19.78047268,10.00720167
2018/9/19,19.7351181,9.999136572
2018/9/20,19.68382737,9.904493304
2018/9/21,19.63321775,9.616948506
2018/9/22,19.59102279,10.03135392
2018/9/23,19.54169614,10.02547877
2018/9/24,19.49060071,10.02709053
2018/9/25,19.44440752,9.840952556
2018/9/26,19.38976338,9.971129027
2018/9/27,19.33518154,9.972073956
2018/9/28,19.28988028,9.891617511
2018/9/29,19.22779261,9.787528359
2018/9/30,19.16667867,9.668985967
2018/10/01,19.12143794,9.679692174
2018/10/02,19.07499797,9.521850906
2018/10/03,19.03798681,9.61426143
2018/10/04,19.0086428,9.511750644
2018/10/05,18.98874896,9.601644909
2018/10/06,18.96392591,9.50989541
2018/10/07,18.95658126,9.559270209
2018/10/08,18.95870434,9.62616825
2018/10/09,18.94589905,9.467649649
2018/10/10,18.95955577,9.406914235
2018/10/11,18.94959691,9.183910526
2018/10/12,18.96436847,9.203394081
2018/10/13,18.97990043,9.086394923
2018/10/14,18.96933432,9.005890838
2018/10/15,18.98323241,9.006319787
2018/10/16,18.97262866,8.816589798
2018/10/17,18.98765669,8.78269322
2018/10/18,18.99881647,8.82502732
2018/10/19,18.98469954,8.704509759
2018/10/20,18.99413589,8.617061026
2018/10/21,19.00037094,8.506733788
2018/10/22,18.98299177,8.3016683
2018/10/23,18.98360443,8.250451866
2018/10/24,18.96199829,8.31409999
2018/10/25,18.94502111,8.252039077
2018/10/26,18.92441485,8.101134692
2018/10/27,18.89484535,8.092737584
2018/10/28,18.87767307,7.985370468
2018/10/29,18.84986706,7.825634638
2018/10/30,18.82747715,7.945140217
2018/10/31,18.94483457,7.939720402
2018/11/01,19.09462196,7.77999968
2018/11/02,19.2934623,7.555102109
2018/11/03,19.18967355,7.520983671
2018/11/04,19.76092477,7.495136423
2018/11/05,19.84395022,7.374700053
2018/11/06,20.1826287,7.379177889
2018/11/07,19.87831184,7.362727396
2018/11/08,19.39221371,7.437819224
2018/11/09,19.07599604,7.276034004
2018/11/10,19.03307008,7.182938004
2018/11/11,18.89453057,7.360818114
2018/11/12,18.86431884,7.18272809
2018/11/13,18.59781826,7.20450513
2018/11/14,17.04315452,7.094787551
2018/11/15,15.92396787,7.141647856
2018/11/16,15.84221294,7.118326242
2018/11/17,15.60451,6.925334307
2018/11/18,15.69805448,6.837928477
2018/11/19,13.78356298,6.774105493
2018/11/20,12.17570194,6.579350856
2018/11/21,12.09411242,6.266666798
2018/11/22,11.66594419,6.108870508
2018/11/23,11.035526,6.091655417
2018/11/24,10.62237121,6.079195184
2018/11/25,9.982292723,5.969392418
2018/11/26,9.920963919,5.85180658
2018/11/27,9.638513025,5.477594575
2018/11/28,10.3349308,5.123811109
2018/11/29,9.940709628,5.127202417
2018/11/30,9.587050507,5.08001211
2018/12/01,9.866299246,5.193885198
2018/12/02,9.756327134,4.99855882
2018/12/03,9.222796296,4.91702618
2018/12/04,9.248776989,4.979585286
2018/12/05,8.802769268,4.824841445
2018/12/06,8.093769415,4.833540927
2018/12/07,7.473500085,4.696002446
2018/12/08,7.577340759,4.547138768
2018/12/09,7.867677307,4.511079088
2018/12/10,7.64367826,4.576108064
2018/12/11,7.422672857,4.517164174
2018/12/12,7.588253593,4.353650297
2018/12/13,7.41559426,4.250355709
2018/12/14,7.131472907,4.195286736
2018/12/15,7.075602786,4.155965063
2018/12/16,7.285014256,4.120335627
2018/12/17,7.699212391,4.025205547
2018/12/18,8.150349661,3.926169959
2018/12/19,8.711889295,3.913391032
2018/12/20,9.347979178,3.890921906
2018/12/21,9.455293776,3.911998314
2018/12/22,9.685728186,3.872095373
2018/12/23,9.64,3.897950432
2018/12/24,9.620405613,4.029826107
2018/12/25,9.208218621,4.129389331
2018/12/26,9.244172351,4.207921845
2018/12/27,8.628542009,4.125223774
2018/12/28,9.15739459,4.046417373
2018/12/29,9.786570156,3.989282276
2018/12/30,9.827559174,4.067351272
2018/12/31,9.629062779,4.026182114
2019/1/01,9.77167041,3.875251558
2019/1/02,10.28254171,3.853555146
2019/1/03,10.15117072,3.945494195
2019/1/04,10.35697418,3.903837195
2019/1/05,10.48615732,3.898293888
2019/1/06,10.3696743,4.029130329
2019/1/07,10.27311881,3.942003272
2019/1/08,10.14817752,3.917943658
2019/1/09,10.23608589,3.928921649
2019/1/10,8.984969803,3.877771469
2019/1/11,8.772232488,3.871707761
2019/1/12,8.757458659,3.783992017
2019/1/13,8.514729752,3.712516944
2019/1/14,8.4914835,3.748947857
2019/1/15,8.458810071,3.81476072
2019/1/16,8.274098882,3.677655037
2019/1/17,8.203464967,3.61338818
2019/1/18,8.160133507,3.56674594
2019/1/19,8.3399213,3.637114438
2019/1/20,8.102647291,3.651633493
2019/1/21,7.896340308,3.560085242
2019/1/22,7.939848124,3.541119103
2019/1/23,7.942387661,3.354636898
2019/1/24,7.862603871,3.396881938
2019/1/25,7.802544063,3.407993801
2019/1/26,7.845316045,3.291755796
2019/1/27,7.707043955,3.207578996
2019/1/28,7.098794305,3.045872327
2019/1/29,7.033095945,2.794971171
2019/1/30,7.251012068,2.73002574
2019/1/31,7.239598745,2.771370206
2019/2/01,7.19937238,2.698391405
2019/2/02,7.265250745,2.635219549
2019/2/03,7.258145394,2.619174104
2019/2/04,7.190784417,2.587532547
2019/2/05,7.138976887,2.587252299
2019/2/06,6.954909097,2.54896044
2019/2/07,7.024452034,2.497923678
2019/2/08,7.446521154,2.533778506
2019/2/09,7.737141254,2.515963039
2019/2/10,7.906746573,2.567869072
2019/2/11,8.116242572,2.500017416
2019/2/12,8.143377185,2.531776522
2019/2/13,8.237788855,2.505573007
2019/2/14,8.188163284,2.440499849
2019/2/15,8.226683243,2.383199642
2019/2/16,8.297792714,2.432498355
2019/2/17,8.631016956,2.413367574
2019/2/18,9.33592945,2.419082473
2019/2/19,9.8294717,2.515534031
2019/2/20,9.874537538,2.529683774
2019/2/21,9.844717438,2.50824285
2019/2/22,9.96948071,2.469593741
2019/2/23,10.23844907,2.544769635
2019/2/24,9.888916085,2.537468075
2019/2/25,9.324348287,2.490412742
2019/2/26,9.171807003,2.439156543
2019/2/27,9.231027597,2.462707947
2019/2/28,9.12503476,2.473744726
2019/3/01,9.141595266,2.404339522
2019/3/02,9.005446646,2.354427571
2019/3/03,8.93181953,2.335318444
2019/3/04,8.534982803,2.332434441
2019/3/05,8.9904247,2.338196912
2019/3/06,9.289856558,2.361934881
2019/3/07,9.283058918,2.372587484
2019/3/08,9.191780315,2.360800354
2019/3/09,9.270079058,2.329015925
2019/3/10,9.194857435,2.33768602
2019/3/11,9.017978921,2.346170889
2019/3/12,8.950002519,2.295146042
2019/3/13,8.876934879,2.266467637
2019/3/14,8.914923337,2.29826094
2019/3/15,9.087316715,2.302010278
2019/3/16,9.362912675,2.353240485
2019/3/17,9.293241389,2.359117925
2019/3/18,9.320459924,2.319922673
2019/3/19,9.306193273,2.246994378
2019/3/20,9.290416033,2.299666649
2019/3/21,9.196004363,2.292126937
2019/3/22,9.195360965,2.29131965
2019/3/23,9.221180807,2.277447903
2019/3/24,9.180059281,2.296359333
2019/3/25,9.112670329,2.285225201
2019/3/26,9.064051816,2.230230801
2019/3/27,9.28009369,2.169593252
2019/3/28,9.28711512,2.207027562
2019/3/29,9.429641776,2.203360776
2019/3/30,9.513815023,2.149908602
2019/3/31,9.436439416,2.155792181
2019/4/01,9.49361792,2.222743471
2019/4/02,9.53593429,2.224039477
2019/4/03,9.477009868,2.215336343
2019/4/04,9.374085391,2.229641812
2019/4/05,9.319593113,2.253726819
2019/4/06,9.224542703,2.286591544
2019/4/07,9.175281195,2.26521268
2019/4/08,9.075594009,2.260394125
2019/4/09,9.019584085,2.301088797
2019/4/10,8.912689138,2.317790026
2019/4/11,8.854616084,2.345933245
2019/4/12,8.797071322,2.332399811
2019/4/13,8.685095345,2.357299864
2019/4/14,8.62575395,2.394552759
2019/4/15,8.526786288,2.388132572
2019/4/16,8.475465965,2.351637835
2019/4/17,8.378957626,2.325991324
2019/4/18,8.326745461,2.305250789
2019/4/19,8.215886895,2.325452832
2019/4/20,8.156241803,2.346738848
2019/4/21,8.049348858,2.318988462
2019/4/22,7.994293878,2.361126667
2019/4/23,7.888898233,2.344035988
2019/4/24,7.831224364,2.298302004
2019/4/25,7.719075746,2.280388211
2019/4/26,7.661144295,2.290218982
2019/4/27,7.603517377,2.360364607
2019/4/28,7.495006864,2.343769172
2019/4/29,7.442640153,2.366905908
2019/4/30,7.349753961,2.391203732
2019/5/01,7.302497829,2.371995225
2019/5/02,7.212498374,2.372945489
2019/5/03,7.167475075,2.350641297
2019/5/04,7.086458393,2.391166497
2019/5/05,7.048826025,2.424162321
2019/5/06,7.014159145,2.371194879
2019/5/07,6.956377652,2.398971486
2019/5/08,6.93026498,2.385544
2019/5/09,6.887072376,2.393360361
2019/5/10,6.863476548,2.37542368
2019/5/11,6.814389706,2.40001068
2019/5/12,6.792095589,2.447903653
2019/5/13,6.749343923,2.427936858
2019/5/14,6.733595033,2.480173956
2019/5/15,6.723268984,2.517953445
2019/5/16,6.693215097,2.515779408
2019/5/17,6.72599986,2.593760625
2019/5/18,6.823271709,2.676242689
2019/5/19,6.934124159,2.624509526
2019/5/20,7.061005809,2.586847643
2019/5/21,7.238378374,2.542054773
2019/5/22,7.369191798,2.527007505
2019/5/23,7.377184573,2.526249849
2019/5/24,7.34642654,2.503226323
2019/5/25,7.316274578,2.509506549
2019/5/26,7.248052895,2.50583727
2019/5/27,7.227240413,2.564438188
2019/5/28,7.176385181,2.525026212
2019/5/29,7.16318626,2.615314659
2019/5/30,7.126852902,2.656767347
2019/5/31,7.121000362,2.61160981
2019/6/01,7.112725107,2.625108258
2019/6/02,7.1042359,2.644707292
2019/6/03,7.11568557,2.545789471
2019/6/04,7.125002695,2.554849077
2019/6/05,7.155283553,2.515847827
2019/6/06,7.184635595,2.581316917
2019/6/07,7.210884745,2.600144555
2019/6/08,7.219862948,2.558913032
2019/6/09,7.249688441,2.508680966
2019/6/10,7.219531327,2.509255816
2019/6/11,7.208412608,2.507323924
2019/6/12,7.175748728,2.511173356
2019/6/13,7.164872326,2.471111948
2019/6/14,7.133656763,2.480215491
2019/6/15,7.126970728,2.516100924
2019/6/16,7.103322809,2.467027364
2019/6/17,7.097936254,2.432468484
2019/6/18,7.074106476,2.493194651
2019/6/19,7.068167602,2.542574306
2019/6/20,7.040658036,2.5109975
2019/6/21,7.037738148,2.514202147
2019/6/22,7.016778338,2.478263743
2019/6/23,7.014653006,2.524590255
2019/6/24,6.993731335,2.575672482
2019/6/25,6.998325354,2.592737012
2019/6/26,7.001273246,2.701263398
2019/6/27,7.012039218,2.684712163
2019/6/28,7.018949635,2.638057585
2019/6/29,7.03345089,2.705098921
2019/6/30,7.04299646,2.719105591
2019/7/01,7.051765078,2.698711878
2019/7/02,7.050792009,2.719605855
2019/7/03,7.061110867,2.673663704
2019/7/04,7.065069753,2.630562822
2019/7/05,7.074163103,2.651443404
2019/7/06,7.069776982,2.667273899
2019/7/07,7.075764911,2.688051109
2019/7/08,7.078799941,2.656042497
2019/7/09,7.091197258,2.698624219
2019/7/10,7.093363665,2.7288892
2019/7/11,7.098556966,2.775092777
2019/7/12,7.09541503,2.797991437
2019/7/13,7.100858802,2.782790698
2019/7/14,7.096400242,2.821716028
2019/7/15,7.096705803,2.814119384
2019/7/16,7.094578428,2.736335802
2019/7/17,7.106286318,2.773982154
2019/7/18,7.112516168,2.776240063
2019/7/19,7.125488602,2.740092043
2019/7/20,7.139468871,2.754981624
2019/7/21,7.139236094,2.761985973
2019/7/22,7.138347571,2.699296452
2019/7/23,7.129416015,2.737920028
2019/7/24,7.126934105,2.742975269
2019/7/25,7.119125829,2.752369695
2019/7/26,7.121644661,2.712659791
2019/7/27,7.12009193,2.77855812
2019/7/28,7.121271652,2.787655168
2019/7/29,7.116199811,2.759393674
2019/7/30,7.116236708,2.795721433
2019/7/31,7.117490768,2.775326897
2019/8/01,7.114745265,2.722653753
2019/8/02,7.116343102,2.724164023
2019/8/03,7.114876989,2.777198853
2019/8/04,7.117185766,2.826408424
2019/8/05,7.117318081,2.849892241
2019/8/06,7.120853372,2.855341163
2019/8/07,7.120678945,2.853949984
2019/8/08,7.124206233,2.888446601
2019/8/09,7.123030037,2.849769792
2019/8/10,7.124030117,2.869585501
2019/8/11,7.121582375,2.871943573
2019/8/12,7.121962978,2.865605462
2019/8/13,7.114861527,2.892135866
2019/8/14,7.112534165,2.85202641
2019/8/15,7.103616223,2.87367104
2019/8/16,7.099757284,2.824240048
2019/8/17,7.091372108,2.897042294
2019/8/18,7.091593152,2.843073071
2019/8/19,7.094670252,2.828234686
2019/8/20,7.097976151,2.796946988
2019/8/21,7.09954991,2.765687316
2019/8/22,7.11063912,2.718552379
2019/8/23,7.119142929,2.727121777
2019/8/24,7.135750865,2.763780122
2019/8/25,7.146108737,2.68277791
2019/8/26,7.167335453,2.77014746
2019/8/27,7.178964266,2.688323185
2019/8/28,7.196966959,2.698909365
2019/8/29,7.205049153,2.75720864
2019/8/30,7.221993132,2.813666937
2019/8/31,7.23088565,2.783629756
2019/9/01,7.239939633,2.777813654
2019/9/02,7.262859153,2.764845483
2019/9/03,7.276308638,2.800459977
2019/9/04,7.30226226,2.767349328
2019/9/05,7.314568013,2.766532444
2019/9/06,7.34103124,2.700845477
2019/9/07,7.354084013,2.800983967
2019/9/08,7.38341375,2.810127176
2019/9/09,7.397613363,2.789248632
2019/9/10,7.411012494,2.796958957
2019/9/11,7.435390246,2.798980197
2019/9/12,7.445700092,2.835229422
2019/9/13,7.46646734,2.886461441
2019/9/14,7.474145999,2.849959862
2019/9/15,7.490736185,2.870505176
2019/9/16,7.500407633,2.906965938
2019/9/17,7.52174893,3.010909211
2019/9/18,7.532984369,3.028697123
2019/9/19,7.544413198,3.007530781
2019/9/20,7.56445758,2.985204313
2019/9/21,7.574213675,3.084593179
2019/9/22,7.58847237,3.057695709
2019/9/23,7.59624845,3.068285888
2019/9/24,7.606581272,3.034906794
2019/9/25,7.609253618,3.035095254
2019/9/26,7.611427022,3.079217921
2019/9/27,7.62591089,3.061561005
2019/9/28,7.632624673,3.070732239
2019/9/29,7.6491183,3.031930493
2019/9/30,7.656780592,3.030653442
2019/10/01,7.665462547,3.027171291
2019/10/02,7.684925456,2.974795611
2019/10/03,7.692934366,2.942102451
2019/10/04,7.713117232,2.949111749
2019/10/05,7.722125135,2.951315377
2019/10/06,7.742494508,2.972899131
2019/10/07,7.75221084,2.963143215
2019/10/08,7.762296293,2.927041222
2019/10/09,7.787731578,2.893908802
2019/10/10,7.801515384,2.955357491
2019/10/11,7.827315262,3.013538972
2019/10/12,7.838283679,2.99404169
2019/10/13,7.851164023,3.007758836
2019/10/14,7.877451058,2.962609311
2019/10/15,7.889566709,3.059290986
2019/10/16,7.915849003,3.061930512
2019/10/17,7.926375298,3.052253606
2019/10/18,7.935673532,2.958786028
2019/10/19,7.956817009,3.018065889
2019/10/20,7.965251589,3.028003955
2019/10/21,7.985924805,2.970559945
2019/10/22,7.994110081,2.926830697
2019/10/23,8.00049606,3.019093573
2019/10/24,8.015543031,2.97436984
2019/10/25,8.019958113,2.907744273
2019/10/26,8.033973754,2.911603814
2019/10/27,8.039720575,2.897813649
2019/10/28,8.044764698,2.871504706
2019/10/29,8.061433232,2.921590159
2019/10/30,8.069145983,2.922320937
2019/10/31,8.07649505,2.949325037
2019/11/01,8.094659327,2.951172227
2019/11/02,8.102809439,2.961295804
2019/11/03,8.12308035,2.913981775
2019/11/04,8.131554564,2.891371192
2019/11/05,8.139787742,2.896981547
2019/11/06,8.159304711,2.967632285
2019/11/07,8.167432249,2.945933745
2019/11/08,8.186694361,2.906441236
2019/11/09,8.195251487,2.891986338
2019/11/10,8.20463377,2.921298241
2019/11/11,8.22497831,2.875407417
2019/11/12,8.232714993,2.912512005
2019/11/13,8.240867615,2.956466453
2019/11/14,8.259613978,2.930349543
2019/11/15,8.26678503,2.882227998
2019/11/16,8.28591589,2.850561139
2019/11/17,8.293764482,2.884981578
2019/11/18,8.301165163,2.945206612
2019/11/19,8.319947444,2.788535125
2019/11/20,8.326245082,2.704061577
2019/11/21,8.330769931,2.822879675
2019/11/22,8.343685419,2.814291365
2019/11/23,8.345461085,2.790279931
2019/11/24,8.346178843,2.837612185
2019/11/25,8.351576641,2.894539883
2019/11/26,8.348993409,2.667799976
2019/11/27,8.353453879,2.716824048
2019/11/28,8.350289108,2.750841705
2019/11/29,8.346113033,2.753099615
2019/11/30,8.347413142,2.751752516
2019/12/01,8.344618773,2.737903294
2019/12/02,8.341817516,2.70085895
2019/12/03,8.346094293,2.785258458
2019/12/04,8.343124193,2.773664789
2019/12/05,8.34013702,2.71969825
2019/12/06,8.342696493,2.705045332
2019/12/07,8.338369835,2.76660668
2019/12/08,8.334169275,2.687938011
2019/12/09,8.336616268,2.700631719
2019/12/10,8.331874087,2.776033911
2019/12/11,8.336071175,2.73944359
2019/12/12,8.334142293,2.718376261
2019/12/13,8.331857294,2.755232374
2019/12/14,8.33780501,2.797406495
2019/12/15,8.334522763,2.746718521
2019/12/16,8.330094897,2.733807809
2019/12/17,8.302123988,2.622162721
2019/12/18,8.26876676,2.512143714
2019/12/19,8.317957379,2.485702567
2019/12/20,8.315822398,2.419871054
2019/12/21,8.308167274,2.438886393
2019/12/22,8.301260643,2.442802217
2019/12/23,8.296544251,2.451858151
2019/12/24,8.285365985,2.432074829
2019/12/25,8.272730379,2.39203141
2019/12/26,8.251318923,2.373523234
2019/12/27,8.227341847,2.392974425
2019/12/28,8.207880342,2.429552057
2019/12/29,8.179428543,2.45311032
2019/12/30,8.158265942,2.435962345
2019/12/31,8.135936908,2.402978598
2020/1/01,8.107113682,2.344708711
2020/1/02,8.085017571,2.402172894
2020/1/03,8.063424534,2.453383017
2020/1/04,8.028726463,2.588075213
2020/1/05,8.004483209,2.561763207
2020/1/06,7.98118358,2.544249227
2020/1/07,7.946284313,2.628107807
2020/1/08,7.923424557,2.592140068
2020/1/09,7.899566399,2.513728197
2020/1/10,7.86901851,2.585356902
2020/1/11,7.850572264,2.624218258
2020/1/12,7.832296682,2.60297335
2020/1/13,7.80350948,2.5972084
2020/1/14,7.789027289,2.595061848
2020/1/15,7.774734732,2.635575813
2020/1/16,7.748545322,2.621939169
2020/1/17,7.732160305,2.615046926
2020/1/18,7.716391075,2.590578185
2020/1/19,7.683212596,2.586104669
2020/1/20,7.66359887,2.621653664
2020/1/21,7.645289307,2.622834763
2020/1/22,7.626635688,2.613423455
2020/1/23,7.587442993,2.611365835
2020/1/24,7.559856214,2.650539183
2020/1/25,7.531959704,2.609227809
2020/1/26,7.481389287,2.59638031
2020/1/27,7.451078089,2.598828211
2020/1/28,7.425113943,2.567281276
2020/1/29,7.377785173,2.587696098
2020/1/30,7.354442216,2.57182415
2020/1/31,7.333650942,2.569139211
2020/2/01,7.292470689,2.560829693
2020/2/02,7.272950708,2.591001128
2020/2/03,7.253974997,2.606671226
2020/2/04,7.234338092,2.639851369
2020/2/05,7.190951814,2.633150348
2020/2/06,7.172059582,2.602517974
2020/2/07,7.157555417,2.603000097
2020/2/08,7.166370911,2.655698049
2020/2/09,7.17566825,2.643475292
2020/2/10,7.166279084,2.643118668
2020/2/11,7.176200843,2.68169905
2020/2/12,7.173649786,2.694602266
2020/2/13,7.224930325,2.738823749
2020/2/14,7.311074525,2.746120438
2020/2/15,7.368058745,2.754198277
2020/2/16,7.439922361,2.768771473
2020/2/17,7.508777247,2.801905799
2020/2/18,7.524008911,2.787820777
2020/2/19,7.559566489,2.876885374
2020/2/20,7.571453016,2.845135977
2020/2/21,7.647920452,2.786255564
2020/2/22,7.699739379,2.846734472
2020/2/23,7.732357804,2.83132516
2020/2/24,7.779146085,2.873543415
2020/2/25,7.824594226,2.816348108
2020/2/26,7.842410104,2.81355227
2020/2/27,7.906829,2.908021278
2020/2/28,7.953733473,2.866308968
2020/2/29,8.003438823,2.878472696
2020/3/01,8.047971075,2.84508519
2020/3/02,8.080211742,2.797598813
2020/3/03,8.078149922,2.829034527
2020/3/04,8.074460913,2.856458791
2020/3/05,8.07149969,2.871054709
2020/3/06,8.059454033,2.793307473
2020/3/07,8.055333724,2.848731826
2020/3/08,8.047982734,2.895538225
2020/3/09,8.0377085,2.872835006
2020/3/10,8.037924008,2.871862808
2020/3/11,8.037075668,2.83175965
2020/3/12,7.923093746,2.83944729
2020/3/13,8.102217145,2.789788354
2020/3/14,8.080887814,2.710276188
2020/3/15,8.004424746,2.735508821
2020/3/16,7.468042412,2.746265494
2020/3/17,7.806104681,2.681772728
2020/3/18,7.732425556,2.729824778
2020/3/19,7.813849255,2.737962877
2020/3/20,7.781796734,2.719198667
2020/3/21,7.745543877,2.768237081
2020/3/22,7.702501527,2.699689086
2020/3/23,7.669642682,2.69158113
2020/3/24,7.647516716,2.774997379
2020/3/25,7.642176866,2.711778614
2020/3/26,7.636825059,2.767682066
2020/3/27,7.635600015,2.766464044
2020/3/28,7.633888061,2.76758855
2020/3/29,7.627678531,2.792252233
2020/3/30,7.62604154,2.820075776
2020/3/31,7.624052161,2.751157802
2020/4/01,7.627649032,2.724061554
2020/4/02,7.627973024,2.799488111
2020/4/03,7.628447804,2.779184356
2020/4/04,7.629133194,2.738134325
2020/4/05,7.629859973,2.757636808
2020/4/06,7.632550023,2.693169987
2020/4/07,7.630579916,2.697068492
2020/4/08,7.623210228,2.76634068
2020/4/09,7.621322058,2.772878966
2020/4/10,7.618252826,2.798956866
2020/4/11,7.615166548,2.744399791
2020/4/12,7.623318334,2.805367075
2020/4/13,7.631570302,2.771053468
2020/4/14,7.6335862,2.818326375
2020/4/15,7.640725435,2.815183844
2020/4/16,7.648996953,2.817139027
2020/4/17,7.658323069,2.786995665
2020/4/18,7.668912204,2.808600091
2020/4/19,7.673656144,2.736930137
2020/4/20,7.682721594,2.723566613
2020/4/21,7.691324103,2.764950166
2020/4/22,7.700884835,2.751255856
2020/4/23,7.705833461,2.811714997
2020/4/24,7.716465349,2.765101083
2020/4/25,7.728129805,2.749203689
2020/4/26,7.739495201,2.766536455
2020/4/27,7.745055861,2.709055247
2020/4/28,7.755909956,2.71349089
2020/4/29,7.766948994,2.770966803
2020/4/30,7.774675419,2.827653628
2020/5/01,7.779520985,2.86592048
2020/5/02,7.78666135,2.901375044
2020/5/03,7.791783503,2.845453127
2020/5/04,7.797496186,2.909553108
2020/5/05,7.801667711,2.936503265
2020/5/06,7.808995459,2.861267736
2020/5/07,7.81663032,2.794608279
2020/5/08,7.823473398,2.828159214
2020/5/09,7.827232559,2.856988078
2020/5/10,7.831272586,2.787943048
2020/5/11,7.835130414,2.822214115
2020/5/12,7.841177826,2.81429154
2020/5/13,7.845337351,2.802098845
2020/5/14,7.853705873,2.833120718
2020/5/15,7.861669375,2.877085239
2020/5/16,7.869337871,2.809931944
2020/5/17,7.87332074,2.850805004
2020/5/18,7.881982964,2.84360873
2020/5/19,7.888598358,2.780534108
2020/5/20,7.892971333,2.837987831
2020/5/21,7.89887176,2.79633118
2020/5/22,7.901187315,2.782563919
2020/5/23,7.900866481,2.801729543
2020/5/24,7.897210368,2.850978488
2020/5/25,7.886819355,2.804735664
2020/5/26,7.876368233,2.764379399
2020/5/27,7.871622911,2.832844584
2020/5/28,7.861102486,2.805458453
2020/5/29,7.85280401,2.812743013
2020/5/30,7.8443785,2.843291084
2020/5/31,7.840755178,2.885160247
2020/6/01,7.829223467,2.855588319
2020/6/02,7.818697534,2.846274096
2020/6/03,7.815690272,2.905208222
2020/6/04,7.805689844,2.936846852
2020/6/05,7.799866249,2.88055825
2020/6/06,7.79956991,2.898360679
2020/6/07,7.792877733,2.935213447
2020/6/08,7.788288415,2.91083639
2020/6/09,7.788238063,2.84505363
2020/6/10,7.78004674,2.822782074
2020/6/11,7.769705191,2.829457473
2020/6/12,7.765770618,2.820907555
2020/6/13,7.753600567,2.865942017
2020/6/14,7.740616235,2.851636231
2020/6/15,7.720382881,2.851419613
2020/6/16,7.711818917,2.917639789
2020/6/17,7.689624758,2.858235575
2020/6/18,7.664848126,2.848724342
2020/6/19,7.656415216,2.887756803
2020/6/20,7.634696684,2.928922395
2020/6/21,7.616758757,2.915419963
2020/6/22,7.610374768,2.873375923
2020/6/23,7.593221002,2.902604676
2020/6/24,7.587269813,2.928446575
2020/6/25,7.566143411,2.973259417
2020/6/26,7.544425439,3.003185786
2020/6/27,7.5390916,2.964956622
2020/6/28,7.523893936,2.895193608
2020/6/29,7.517257321,2.970225994
2020/6/30,7.518792988,2.925629104
2020/7/01,7.517341071,2.903377575
2020/7/02,7.513383467,2.933525381
2020/7/03,7.51367068,2.947036763
2020/7/04,7.511659552,2.98639036
2020/7/05,7.50942777,2.960349822
2020/7/06,7.511457542,2.961825388
2020/7/07,7.512029308,2.923426292
2020/7/08,7.513276517,3.026805146
2020/7/09,7.51664302,2.994547767
2020/7/10,7.515759609,2.966742586
2020/7/11,7.517769761,2.975161523
2020/7/12,7.51466437,3.023636259
2020/7/13,7.511497515,3.046884156
2020/7/14,7.51364049,3.010376336
2020/7/15,7.514297886,2.962055854
2020/7/16,7.51384906,2.984040301
2020/7/17,7.51678789,2.932641711
2020/7/18,7.521504695,2.982742683
2020/7/19,7.527598935,3.02286993
2020/7/20,7.533116,2.954758363
2020/7/21,7.537295812,2.850367082
2020/7/22,7.544774373,2.835949101
2020/7/23,7.553688382,2.915742005
2020/7/24,7.564226116,3.015880364
2020/7/25,7.576428692,2.976748646
2020/7/26,7.592288433,3.001730916
2020/7/27,7.610950154,3.048450187
2020/7/28,7.63121869,3.10827978
2020/7/29,7.649468074,3.143545678
2020/7/30,7.668936209,3.108557302
2020/7/31,7.691212958,2.965610321
2020/8/01,7.715060391,3.040107199
2020/8/02,7.740928559,3.133527146
2020/8/03,7.766395848,3.042465984
2020/8/04,7.793942982,3.042992001
2020/8/05,7.822304198,3.059405345
2020/8/06,7.848357327,3.042521823
2020/8/07,7.872728546,3.12070948
2020/8/08,7.89546504,3.151650873
2020/8/09,7.915579572,3.230335144
2020/8/10,7.935332452,3.209690407
2020/8/10,7.935332452,3.209690407
2020/8/10,7.935332452,3.209690407
2020/8/11,8.006749779,3.15125606
2020/8/12,8.033413839,3.186389599
2020/8/13,8.093221288,3.224464357
2020/8/14,8.1619861,3.309694337
2020/8/15,8.213020334,3.393997372
2020/8/16,8.257009509,3.319610299
2020/8/17,8.299534505,3.228288902
2020/8/18,8.34559943,3.094996329
2020/8/20,8.388575803,3.288353981
2020/8/21,8.434856275,3.384503801
2020/8/22,8.475095702,3.367873052
2020/8/23,8.507222819,3.396999159
2020/8/24,8.541059888,3.397472579
2020/8/25,8.578162772,3.425548146
2020/8/26,8.610544674,3.409941114
2020/8/27,8.64300654,3.423443699
2020/8/28,8.675058073,3.46467292
2020/8/29,8.71051839,3.378867867
2020/8/30,8.766570679,3.408122687
2020/8/31,8.834624052,3.405445506
2020/9/01,8.952296984,3.558654384
2020/9/02,9.100331503,3.59253727
2020/9/03,9.20891521,3.536556135
2020/9/04,9.285361543,3.587393366
2020/9/05,9.340463188,3.678150041
2020/9/06,9.388143588,3.735365172
2020/9/07,9.420856625,3.817909488
2020/9/08,9.456056052,3.774052508
2020/9/09,9.486656176,3.828500685
2020/9/10,9.535353086,3.774126488
2020/9/11,9.579338456,3.898411153
2020/9/12,9.621376698,3.975516369
2020/9/13,9.663114411,3.96221972
2020/9/14,9.708793741,3.917342978
2020/9/15,9.766316665,3.970393397
2020/9/16,9.809389467,3.87701664
2020/9/17,9.92107668,4.096361685
2020/9/18,10.01638487,3.943994539
2020/9/19,10.08149515,4.016468939
2020/9/20,10.12136853,4.064678553
2020/9/21,10.16412061,4.119408402
2020/9/22,10.20336295,4.019960019
2020/9/23,10.23709438,4.130342893
2020/9/24,10.27649838,4.21054432
2020/9/25,10.30698736,4.248387084
2020/9/26,10.33376085,4.383374825
2020/9/27,10.37576757,4.41636351
2020/9/28,10.4094133,4.123023183
2020/9/29,10.45154105,4.378069111
2020/9/30,10.48934137,4.28863491
2020/10/01,10.53838355,4.336420529
2020/10/02,10.56873137,4.375854712
2020/10/03,10.5944647,4.056586809
2020/10/04,10.62254324,4.390513714
2020/10/05,10.6672335,4.43684673
2020/10/06,10.69848582,4.554986443
2020/10/07,10.74454795,4.508411951
2020/10/08,10.77210198,4.372223815
2020/10/09,10.8171585,4.447868407
2020/10/10,10.84705966,#DIV/0!
2020/10/11,10.89057133,4.441512602
2020/10/12,10.9214833,4.432094083
2020/10/13,10.9557304,4.451984988
2020/10/14,10.98958569,4.437037034
2020/10/15,11.04200894,4.460611679
2020/10/16,11.07479908,4.492846893
2020/10/17,11.10251215,4.47508018
2020/10/18,11.12903649,4.355015328
2020/10/19,11.15898589,4.484854615
2020/10/20,11.19002686,4.500647176
2020/10/21,11.22522235,4.492433158
2020/10/22,11.26369066,#DIV/0!
2020/10/23,11.29851059,4.492208501
2020/10/24,11.33297905,4.56169644
2020/10/25,11.3835293,4.442118288
2020/10/26,11.41626056,4.356970992
2020/10/27,11.4479826,4.442181768
2020/10/28,11.48083142,4.457226404
2020/10/29,11.51590241,4.628833352
2020/10/30,11.54931754,4.490457374
2020/10/31,11.57925067,4.503680923
2020/11/01,11.60742422,#DIV/0!
2020/11/02,11.63809044,#DIV/0!
2020/11/03,11.68717748,4.460849376
2020/11/04,11.71425621,4.461705486
2020/11/05,11.74640483,4.447027619
2020/11/06,11.78674099,4.613711338
2020/11/07,11.82544398,4.650709811
2020/11/08,11.85862648,4.515087937
2020/11/09,11.8927819,#DIV/0!
2020/11/10,11.92936917,4.523566297
2020/11/11,11.96626948,4.621640616
2020/11/12,12.00317301,4.572238095
2020/11/13,12.05889203,4.608148322
2020/11/14,12.09161734,#DIV/0!
2020/11/15,12.12259239,#DIV/0!
2020/11/16,12.15610374,4.667874327
2020/11/17,12.19857742,#DIV/0!
2020/11/18,12.24530704,#DIV/0!
2020/11/19,12.28769064,#DIV/0!
2020/11/20,12.33304062,4.656496052
2020/11/21,12.38356026,4.718513486
2020/11/22,12.45471956,4.742182525
2020/11/23,12.51384129,4.588421444
2020/11/24,12.58198033,4.774016409
2020/11/25,12.63739803,4.761076518
2020/11/26,12.70149978,4.74846415
2020/11/27,12.74476982,4.728624562
2020/11/28,12.7810352,4.697825321
2020/11/29,12.81967276,4.819390307
2020/11/30,12.87408609,4.928418909
2020/12/01,12.93659385,4.925448546
2020/12/02,12.99675581,4.719051648
2020/12/03,13.04207807,4.866631949
2020/12/04,13.08673331,4.87598409
2020/12/05,13.1285288,4.862525832
2020/12/06,13.16734286,4.862125297
2020/12/07,13.20483359,4.883209732
2020/12/08,13.24372797,4.878158169
2020/12/09,13.28443416,4.904782014
2020/12/10,13.32099034,4.894723844
2020/12/11,13.36751501,4.791095134
2020/12/12,13.40141685,4.829471266
2020/12/13,13.43529442,4.889202717
2020/12/14,13.47731723,4.75131529
2020/12/15,13.52601824,4.780586612
2020/12/16,13.58012165,4.813699477
2020/12/17,13.65257748,4.811202358
2020/12/18,13.7177019,4.888963406
2020/12/19,13.77175123,4.770959268
2020/12/20,13.82264274,4.872964428
2020/12/21,13.89452888,4.968430991
2020/12/22,13.95028093,4.908580424
2020/12/23,14.01359095,5.004501684
2020/12/24,14.07858969,4.910924944
2020/12/25,14.14012077,4.837196561
2020/12/26,14.19666307,4.981403083
2020/12/27,14.26574468,4.906309873
2020/12/28,14.35285814,5.125866444
2020/12/29,14.43135083,5.029580103
2020/12/30,14.5477136,4.965270283
2020/12/31,14.63882425,5.022089281
2021/1/01,14.71502256,#DIV/0!
2021/1/02,14.8095032,#DIV/0!
2021/1/03,14.95579514,5.219776636
2021/1/04,15.20096885,5.136943899
2021/1/05,15.31699761,#DIV/0!
2021/1/06,15.42972906,5.393225447
2021/1/07,15.55372584,5.274324636
2021/1/08,15.67081135,5.385247327
2021/1/09,15.76253345,5.380558186
2021/1/10,15.91980652,5.424984466
2021/1/11,16.08730122,#DIV/0!
2021/1/12,16.0013593,5.541183238
2021/1/13,15.9225005,5.535013822
2021/1/14,15.85416698,5.596911827
2021/1/15,15.70474599,#DIV/0!
2021/1/16,15.54035507,#DIV/0!
2021/1/17,15.63559186,#DIV/0!
2021/1/18,15.75855938,#DIV/0!
2021/1/19,15.88631199,#DIV/0!
2021/1/20,16.03013361,5.800401161
2021/1/21,16.14490082,#DIV/0!
2021/1/22,16.22703195,5.717044404
2021/1/23,16.25498936,#DIV/0!
2021/1/24,16.31168019,5.886949746
2021/1/25,16.35922385,5.961164161
2021/1/26,16.41509507,#DIV/0!
2021/1/27,16.52121796,6.08158117
2021/1/28,16.63617652,#DIV/0!
2021/1/29,16.74565038,5.865574683
2021/1/30,16.87219762,#DIV/0!
2021/1/31,17.0039392,#DIV/0!
2021/2/01,17.14739285,#DIV/0!
2021/2/02,17.3515853,6.155721216
2021/2/03,17.57797811,6.150898864
2021/2/04,17.84283488,6.271338229
2021/2/05,18.17016213,#DIV/0!
2021/2/06,18.43832813,#DIV/0!
2021/2/07,18.65173539,#DIV/0!
2021/2/08,18.90287297,6.495432486
2021/2/09,19.20342839,#DIV/0!
2021/2/10,19.49201168,6.57406502
2021/2/11,19.74586213,6.608161433
2021/2/12,20.04059835,6.741559535
2021/2/13,20.31088157,6.622796369
2021/2/14,20.56037858,6.742266962
2021/2/15,20.81574617,6.795976387
2021/2/16,21.06541409,6.789477663
2021/2/17,21.31768507,6.874480693
2021/2/18,21.60555856,6.805825345
2021/2/19,21.93455606,6.955421128
2021/2/20,22.23796552,6.8529777
2021/2/21,22.50704126,6.78174313
2021/2/22,22.79734204,7.009195039
2021/2/23,23.16832813,7.099031952
2021/2/24,23.45701737,7.096623099
2021/2/25,23.72552124,7.034746655
2021/2/26,23.92733617,7.085791787
2021/2/27,24.10326173,7.135696831
2021/2/28,24.26165013,#DIV/0!
2021/3/01,24.43210341,7.077581152
2021/3/02,24.61128531,7.206106641
2021/3/03,24.79526868,6.954301417
2021/3/04,25.01717435,7.048356325
2021/3/05,25.19422321,7.280267181
2021/3/06,25.36808141,7.478181761
2021/3/07,25.5594914,7.390506205