"Date(UTC)","UnixTimeStamp","Value"
"7/30/2015","1438214400","0"
"7/31/2015","1438300800","0"
"8/1/2015","1438387200","0"
"8/2/2015","1438473600","0"
"8/3/2015","1438560000","0"
"8/4/2015","1438646400","0"
"8/5/2015","1438732800","0"
"8/6/2015","1438819200","0"
"8/7/2015","1438905600","49353826"
"8/8/2015","1438992000","376006093"
"8/9/2015","1439078400","38863003"
"8/10/2015","1439164800","74070061"
"8/11/2015","1439251200","163481740"
"8/12/2015","1439337600","70102332"
"8/13/2015","1439424000","88234087"
"8/14/2015","1439510400","78746522"
"8/15/2015","1439596800","59565914"
"8/16/2015","1439683200","58241191"
"8/17/2015","1439769600","60515132"
"8/18/2015","1439856000","66816413"
"8/19/2015","1439942400","91746712"
"8/20/2015","1440028800","63112713"
"8/21/2015","1440115200","106379973"
"8/22/2015","1440201600","90744195"
"8/23/2015","1440288000","117802449"
"8/24/2015","1440374400","97648912"
"8/25/2015","1440460800","114480057"
"8/26/2015","1440547200","99511209"
"8/27/2015","1440633600","147888097"
"8/28/2015","1440720000","111903559"
"8/29/2015","1440806400","99107570"
"8/30/2015","1440892800","102643603"
"8/31/2015","1440979200","129040364"
"9/1/2015","1441065600","140186844"
"9/2/2015","1441152000","139367393"
"9/3/2015","1441238400","126323875"
"9/4/2015","1441324800","167169621"
"9/5/2015","1441411200","159443421"
"9/6/2015","1441497600","142769611"
"9/7/2015","1441584000","170954165"
"9/8/2015","1441670400","159613715"
"9/9/2015","1441756800","173606036"
"9/10/2015","1441843200","141533806"
"9/11/2015","1441929600","160019709"
"9/12/2015","1442016000","186314190"
"9/13/2015","1442102400","177583552"
"9/14/2015","1442188800","171636301"
"9/15/2015","1442275200","148568242"
"9/16/2015","1442361600","146153300"
"9/17/2015","1442448000","147106346"
"9/18/2015","1442534400","212949263"
"9/19/2015","1442620800","151038683"
"9/20/2015","1442707200","206446103"
"9/21/2015","1442793600","190902398"
"9/22/2015","1442880000","211491983"
"9/23/2015","1442966400","198471252"
"9/24/2015","1443052800","183782502"
"9/25/2015","1443139200","178617418"
"9/26/2015","1443225600","160320021"
"9/27/2015","1443312000","165754018"
"9/28/2015","1443398400","171799357"
"9/29/2015","1443484800","155322802"
"9/30/2015","1443571200","161315703"
"10/1/2015","1443657600","167413168"
"10/2/2015","1443744000","175336965"
"10/3/2015","1443830400","176738025"
"10/4/2015","1443916800","175625589"
"10/5/2015","1444003200","217225401"
"10/6/2015","1444089600","185466056"
"10/7/2015","1444176000","227483136"
"10/8/2015","1444262400","206603046"
"10/9/2015","1444348800","180944156"
"10/10/2015","1444435200","174240457"
"10/11/2015","1444521600","154497993"
"10/12/2015","1444608000","200001725"
"10/13/2015","1444694400","223630692"
"10/14/2015","1444780800","193279995"
"10/15/2015","1444867200","347607211"
"10/16/2015","1444953600","400824348"
"10/17/2015","1445040000","230368185"
"10/18/2015","1445126400","249377360"
"10/19/2015","1445212800","216816740"
"10/20/2015","1445299200","191557542"
"10/21/2015","1445385600","180468852"
"10/22/2015","1445472000","237772273"
"10/23/2015","1445558400","260401303"
"10/24/2015","1445644800","211420205"
"10/25/2015","1445731200","170100960"
"10/26/2015","1445817600","203310004"
"10/27/2015","1445904000","365376906"
"10/28/2015","1445990400","202357247"
"10/29/2015","1446076800","241667844"
"10/30/2015","1446163200","250649964"
"10/31/2015","1446249600","296674561"
"11/1/2015","1446336000","316473677"
"11/2/2015","1446422400","193339829"
"11/3/2015","1446508800","236076946"
"11/4/2015","1446595200","180987375"
"11/5/2015","1446681600","199792729"
"11/6/2015","1446768000","309939683"
"11/7/2015","1446854400","572275369"
"11/8/2015","1446940800","563914716"
"11/9/2015","1447027200","211894015"
"11/10/2015","1447113600","287969451"
"11/11/2015","1447200000","414061456"
"11/12/2015","1447286400","450460992"
"11/13/2015","1447372800","280236525"
"11/14/2015","1447459200","360305868"
"11/15/2015","1447545600","224846805"
"11/16/2015","1447632000","182259335"
"11/17/2015","1447718400","171866071"
"11/18/2015","1447804800","195036006"
"11/19/2015","1447891200","291565861"
"11/20/2015","1447977600","215430072"
"11/21/2015","1448064000","200136785"
"11/22/2015","1448150400","200785655"
"11/23/2015","1448236800","233727612"
"11/24/2015","1448323200","213080657"
"11/25/2015","1448409600","236509015"
"11/26/2015","1448496000","172083879"
"11/27/2015","1448582400","173300084"
"11/28/2015","1448668800","277436869"
"11/29/2015","1448755200","171604728"
"11/30/2015","1448841600","378296036"
"12/1/2015","1448928000","231616100"
"12/2/2015","1449014400","209753737"
"12/3/2015","1449100800","198524826"
"12/4/2015","1449187200","224707034"
"12/5/2015","1449273600","231821279"
"12/6/2015","1449360000","321509549"
"12/7/2015","1449446400","176718066"
"12/8/2015","1449532800","170716327"
"12/9/2015","1449619200","179709088"
"12/10/2015","1449705600","205190667"
"12/11/2015","1449792000","270674425"
"12/12/2015","1449878400","353864548"
"12/13/2015","1449964800","325726017"
"12/14/2015","1450051200","1415319249"
"12/15/2015","1450137600","1945458070"
"12/16/2015","1450224000","838759501"
"12/17/2015","1450310400","606010119"
"12/18/2015","1450396800","601895736"
"12/19/2015","1450483200","539740128"
"12/20/2015","1450569600","655002877"
"12/21/2015","1450656000","740632642"
"12/22/2015","1450742400","1120896788"
"12/23/2015","1450828800","1474132298"
"12/24/2015","1450915200","872428171"
"12/25/2015","1451001600","502552472"
"12/26/2015","1451088000","587287522"
"12/27/2015","1451174400","1308470039"
"12/28/2015","1451260800","687001176"
"12/29/2015","1451347200","621538951"
"12/30/2015","1451433600","1353161589"
"12/31/2015","1451520000","452065747"
"1/1/2016","1451606400","292262422"
"1/2/2016","1451692800","368139389"
"1/3/2016","1451779200","369359246"
"1/4/2016","1451865600","402593450"
"1/5/2016","1451952000","1081639803"
"1/6/2016","1452038400","1248021662"
"1/7/2016","1452124800","1230019603"
"1/8/2016","1452211200","484149867"
"1/9/2016","1452297600","727791392"
"1/10/2016","1452384000","491410995"
"1/11/2016","1452470400","482297856"
"1/12/2016","1452556800","471922007"
"1/13/2016","1452643200","1023451156"
"1/14/2016","1452729600","489948500"
"1/15/2016","1452816000","409950494"
"1/16/2016","1452902400","418575124"
"1/17/2016","1452988800","323467063"
"1/18/2016","1453075200","591740638"
"1/19/2016","1453161600","678347830"
"1/20/2016","1453248000","348032526"
"1/21/2016","1453334400","342268224"
"1/22/2016","1453420800","570242575"
"1/23/2016","1453507200","322444465"
"1/24/2016","1453593600","423769859"
"1/25/2016","1453680000","726749777"
"1/26/2016","1453766400","673354229"
"1/27/2016","1453852800","988064305"
"1/28/2016","1453939200","757796542"
"1/29/2016","1454025600","662122614"
"1/30/2016","1454112000","547033880"
"1/31/2016","1454198400","528433090"
"2/1/2016","1454284800","467975052"
"2/2/2016","1454371200","463852720"
"2/3/2016","1454457600","454011879"
"2/4/2016","1454544000","490608958"
"2/5/2016","1454630400","532003821"
"2/6/2016","1454716800","1516518359"
"2/7/2016","1454803200","456085675"
"2/8/2016","1454889600","449250211"
"2/9/2016","1454976000","459451796"
"2/10/2016","1455062400","490191172"
"2/11/2016","1455148800","682060218"
"2/12/2016","1455235200","540874146"
"2/13/2016","1455321600","634287258"
"2/14/2016","1455408000","514552660"
"2/15/2016","1455494400","545779880"
"2/16/2016","1455580800","589465103"
"2/17/2016","1455667200","724546098"
"2/18/2016","1455753600","538282068"
"2/19/2016","1455840000","656406787"
"2/20/2016","1455926400","499477626"
"2/21/2016","1456012800","507918522"
"2/22/2016","1456099200","554402169"
"2/23/2016","1456185600","1552859093"
"2/24/2016","1456272000","893246284"
"2/25/2016","1456358400","568292172"
"2/26/2016","1456444800","961624302"
"2/27/2016","1456531200","532969743"
"2/28/2016","1456617600","524028419"
"2/29/2016","1456704000","583141365"
"3/1/2016","1456790400","588897890"
"3/2/2016","1456876800","610077143"
"3/3/2016","1456963200","664818999"
"3/4/2016","1457049600","684182604"
"3/5/2016","1457136000","823063642"
"3/6/2016","1457222400","839897699"
"3/7/2016","1457308800","665621532"
"3/8/2016","1457395200","724565328"
"3/9/2016","1457481600","722145124"
"3/10/2016","1457568000","688871222"
"3/11/2016","1457654400","646851762"
"3/12/2016","1457740800","802737599"
"3/13/2016","1457827200","838358312"
"3/14/2016","1457913600","956222024"
"3/15/2016","1458000000","903071543"
"3/16/2016","1458086400","892420435"
"3/17/2016","1458172800","1028386837"
"3/18/2016","1458259200","944417594"
"3/19/2016","1458345600","1260165166"
"3/20/2016","1458432000","1157109905"
"3/21/2016","1458518400","1109953099"
"3/22/2016","1458604800","1121742299"
"3/23/2016","1458691200","1225594298"
"3/24/2016","1458777600","1626133605"
"3/25/2016","1458864000","1312008358"
"3/26/2016","1458950400","1332524164"
"3/27/2016","1459036800","825632165"
"3/28/2016","1459123200","1184635969"
"3/29/2016","1459209600","979937403"
"3/30/2016","1459296000","1322684855"
"3/31/2016","1459382400","1083408441"
"4/1/2016","1459468800","1086582845"
"4/2/2016","1459555200","790470279"
"4/3/2016","1459641600","801995961"
"4/4/2016","1459728000","1117941655"
"4/5/2016","1459814400","1282980842"
"4/6/2016","1459900800","946603089"
"4/7/2016","1459987200","957476321"
"4/8/2016","1460073600","1120960125"
"4/9/2016","1460160000","882969880"
"4/10/2016","1460246400","843594204"
"4/11/2016","1460332800","809577184"
"4/12/2016","1460419200","1025930028"
"4/13/2016","1460505600","1248480822"
"4/14/2016","1460592000","1121719747"
"4/15/2016","1460678400","1056627642"
"4/16/2016","1460764800","756208802"
"4/17/2016","1460851200","1201820598"
"4/18/2016","1460937600","907032725"
"4/19/2016","1461024000","853996868"
"4/20/2016","1461110400","1076546004"
"4/21/2016","1461196800","1249597416"
"4/22/2016","1461283200","920182050"
"4/23/2016","1461369600","861316279"
"4/24/2016","1461456000","1015487149"
"4/25/2016","1461542400","1078392266"
"4/26/2016","1461628800","939517922"
"4/27/2016","1461715200","919149984"
"4/28/2016","1461801600","1012268150"
"4/29/2016","1461888000","1063388022"
"4/30/2016","1461974400","1383313281"
"5/1/2016","1462060800","1511731587"
"5/2/2016","1462147200","1177337542"
"5/3/2016","1462233600","1146450482"
"5/4/2016","1462320000","1201616945"
"5/5/2016","1462406400","1358637069"
"5/6/2016","1462492800","1602023916"
"5/7/2016","1462579200","1015648265"
"5/8/2016","1462665600","1261744195"
"5/9/2016","1462752000","1179593620"
"5/10/2016","1462838400","1210893421"
"5/11/2016","1462924800","1397950926"
"5/12/2016","1463011200","1632935906"
"5/13/2016","1463097600","1656228527"
"5/14/2016","1463184000","1537818716"
"5/15/2016","1463270400","1432831255"
"5/16/2016","1463356800","1254259751"
"5/17/2016","1463443200","1284047189"
"5/18/2016","1463529600","1521937451"
"5/19/2016","1463616000","1452477473"
"5/20/2016","1463702400","1658172149"
"5/21/2016","1463788800","1615273249"
"5/22/2016","1463875200","1271624964"
"5/23/2016","1463961600","1325875411"
"5/24/2016","1464048000","1261981585"
"5/25/2016","1464134400","1466859954"
"5/26/2016","1464220800","1618046432"
"5/27/2016","1464307200","1661028547"
"5/28/2016","1464393600","2961437212"
"5/29/2016","1464480000","1627804887"
"5/30/2016","1464566400","1408071800"
"5/31/2016","1464652800","1407740921"
"6/1/2016","1464739200","1425852805"
"6/2/2016","1464825600","1156113110"
"6/3/2016","1464912000","1136334398"
"6/4/2016","1464998400","1107944429"
"6/5/2016","1465084800","1076614254"
"6/6/2016","1465171200","1140974452"
"6/7/2016","1465257600","2845963523"
"6/8/2016","1465344000","1263496163"
"6/9/2016","1465430400","1294746453"
"6/10/2016","1465516800","1302395289"
"6/11/2016","1465603200","1248713565"
"6/12/2016","1465689600","1301471081"
"6/13/2016","1465776000","1682028208"
"6/14/2016","1465862400","1750832772"
"6/15/2016","1465948800","1386896176"
"6/16/2016","1466035200","1814513168"
"6/17/2016","1466121600","9699231882"
"6/18/2016","1466208000","13050992504"
"6/19/2016","1466294400","2537463020"
"6/20/2016","1466380800","2430847865"
"6/21/2016","1466467200","2852692046"
"6/22/2016","1466553600","2305841686"
"6/23/2016","1466640000","1467850211"
"6/24/2016","1466726400","1836377741"
"6/25/2016","1466812800","1301309403"
"6/26/2016","1466899200","1272219947"
"6/27/2016","1466985600","1279888878"
"6/28/2016","1467072000","1469765402"
"6/29/2016","1467158400","2550844106"
"6/30/2016","1467244800","4044720907"
"7/1/2016","1467331200","2158272351"
"7/2/2016","1467417600","1122621260"
"7/3/2016","1467504000","1427198980"
"7/4/2016","1467590400","1224175371"
"7/5/2016","1467676800","1368607917"
"7/6/2016","1467763200","1382496660"
"7/7/2016","1467849600","1218807221"
"7/8/2016","1467936000","1841766935"
"7/9/2016","1468022400","2334633560"
"7/10/2016","1468108800","1282671816"
"7/11/2016","1468195200","1300828006"
"7/12/2016","1468281600","1519722103"
"7/13/2016","1468368000","1149799735"
"7/14/2016","1468454400","1486527204"
"7/15/2016","1468540800","1357561838"
"7/16/2016","1468627200","1093312003"
"7/17/2016","1468713600","894579244"
"7/18/2016","1468800000","1183112877"
"7/19/2016","1468886400","1362771496"
"7/20/2016","1468972800","3608686150"
"7/21/2016","1469059200","1572084963"
"7/22/2016","1469145600","1736914290"
"7/23/2016","1469232000","1486891308"
"7/24/2016","1469318400","1623408980"
"7/25/2016","1469404800","1754648808"
"7/26/2016","1469491200","1974011991"
"7/27/2016","1469577600","1714851632"
"7/28/2016","1469664000","2102090676"
"7/29/2016","1469750400","2014113080"
"7/30/2016","1469836800","1369798941"
"7/31/2016","1469923200","1351488065"
"8/1/2016","1470009600","1361547316"
"8/2/2016","1470096000","1514488094"
"8/3/2016","1470182400","1482317473"
"8/4/2016","1470268800","1466374182"
"8/5/2016","1470355200","1304026331"
"8/6/2016","1470441600","1177530476"
"8/7/2016","1470528000","1262729849"
"8/8/2016","1470614400","2565817408"
"8/9/2016","1470700800","1400157039"
"8/10/2016","1470787200","1471694578"
"8/11/2016","1470873600","1428325553"
"8/12/2016","1470960000","1326666513"
"8/13/2016","1471046400","1140082745"
"8/14/2016","1471132800","1096874038"
"8/15/2016","1471219200","1226846171"
"8/16/2016","1471305600","1418034622"
"8/17/2016","1471392000","1294638318"
"8/18/2016","1471478400","1649547423"
"8/19/2016","1471564800","1322051295"
"8/20/2016","1471651200","1214018556"
"8/21/2016","1471737600","1279475184"
"8/22/2016","1471824000","1358467325"
"8/23/2016","1471910400","3437976497"
"8/24/2016","1471996800","1365497931"
"8/25/2016","1472083200","1503181516"
"8/26/2016","1472169600","1446149563"
"8/27/2016","1472256000","1297050238"
"8/28/2016","1472342400","1157458709"
"8/29/2016","1472428800","1320040213"
"8/30/2016","1472515200","1474009089"
"8/31/2016","1472601600","1356666091"
"9/1/2016","1472688000","1434700962"
"9/2/2016","1472774400","2097074659"
"9/3/2016","1472860800","1231580684"
"9/4/2016","1472947200","2167392083"
"9/5/2016","1473033600","1303037941"
"9/6/2016","1473120000","1526617928"
"9/7/2016","1473206400","1572299632"
"9/8/2016","1473292800","1863985100"
"9/9/2016","1473379200","1913940716"
"9/10/2016","1473465600","1217614180"
"9/11/2016","1473552000","1223254865"
"9/12/2016","1473638400","1545907006"
"9/13/2016","1473724800","1371598775"
"9/14/2016","1473811200","1682711707"
"9/15/2016","1473897600","1658435104"
"9/16/2016","1473984000","2194001365"
"9/17/2016","1474070400","1585781668"
"9/18/2016","1474156800","1293680440"
"9/19/2016","1474243200","1231910250"
"9/20/2016","1474329600","1480764928"
"9/21/2016","1474416000","1395904968"
"9/22/2016","1474502400","2410972590"
"9/23/2016","1474588800","1357490092"
"9/24/2016","1474675200","2289308086"
"9/25/2016","1474761600","1747816446"
"9/26/2016","1474848000","2542248908"
"9/27/2016","1474934400","2632786474"
"9/28/2016","1475020800","2175515747"
"9/29/2016","1475107200","1396207408"
"9/30/2016","1475193600","1272668731"
"10/1/2016","1475280000","3985836244"
"10/2/2016","1475366400","3743242598"
"10/3/2016","1475452800","2717406813"
"10/4/2016","1475539200","3246134901"
"10/5/2016","1475625600","2866971417"
"10/6/2016","1475712000","2310816610"
"10/7/2016","1475798400","2421130656"
"10/8/2016","1475884800","2565205408"
"10/9/2016","1475971200","2711943257"
"10/10/2016","1476057600","2467479630"
"10/11/2016","1476144000","1564187991"
"10/12/2016","1476230400","1522678013"
"10/13/2016","1476316800","1418138280"
"10/14/2016","1476403200","1486426699"
"10/15/2016","1476489600","1040206098"
"10/16/2016","1476576000","990865611"
"10/17/2016","1476662400","1078574284"
"10/18/2016","1476748800","1704303900"
"10/19/2016","1476835200","4085729321"
"10/20/2016","1476921600","2271887910"
"10/21/2016","1477008000","1538319822"
"10/22/2016","1477094400","1087705458"
"10/23/2016","1477180800","1003447161"
"10/24/2016","1477267200","1752086955"
"10/25/2016","1477353600","1595508580"
"10/26/2016","1477440000","1320784021"
"10/27/2016","1477526400","1288784933"
"10/28/2016","1477612800","1281666893"
"10/29/2016","1477699200","1103589525"
"10/30/2016","1477785600","1149072616"
"10/31/2016","1477872000","1338772706"
"11/1/2016","1477958400","1473547479"
"11/2/2016","1478044800","1195992854"
"11/3/2016","1478131200","1175802179"
"11/4/2016","1478217600","909734105"
"11/5/2016","1478304000","1010144475"
"11/6/2016","1478390400","961866815"
"11/7/2016","1478476800","1155660767"
"11/8/2016","1478563200","1287625339"
"11/9/2016","1478649600","1396745204"
"11/10/2016","1478736000","1345345017"
"11/11/2016","1478822400","1309985453"
"11/12/2016","1478908800","1173857840"
"11/13/2016","1478995200","1300556775"
"11/14/2016","1479081600","1454676000"
"11/15/2016","1479168000","1415927265"
"11/16/2016","1479254400","1307260877"
"11/17/2016","1479340800","1193953855"
"11/18/2016","1479427200","1340958763"
"11/19/2016","1479513600","1103106990"
"11/20/2016","1479600000","1263031869"
"11/21/2016","1479686400","1349827967"
"11/22/2016","1479772800","1568306298"
"11/23/2016","1479859200","3254628695"
"11/24/2016","1479945600","2211281024"
"11/25/2016","1480032000","2334154461"
"11/26/2016","1480118400","2821246160"
"11/27/2016","1480204800","4447039191"
"11/28/2016","1480291200","4699460436"
"11/29/2016","1480377600","3918288751"
"11/30/2016","1480464000","1448305639"
"12/1/2016","1480550400","1179561410"
"12/2/2016","1480636800","1219699612"
"12/3/2016","1480723200","1114755125"
"12/4/2016","1480809600","1131598024"
"12/5/2016","1480896000","1245472147"
"12/6/2016","1480982400","1416816699"
"12/7/2016","1481068800","1404643653"
"12/8/2016","1481155200","1238511280"
"12/9/2016","1481241600","1332538357"
"12/10/2016","1481328000","1210059849"
"12/11/2016","1481414400","1630402551"
"12/12/2016","1481500800","1262373967"
"12/13/2016","1481587200","1328681874"
"12/14/2016","1481673600","1460654618"
"12/15/2016","1481760000","1390060373"
"12/16/2016","1481846400","1291609871"
"12/17/2016","1481932800","1235492184"
"12/18/2016","1482019200","1106211073"
"12/19/2016","1482105600","1495809320"
"12/20/2016","1482192000","1527558481"
"12/21/2016","1482278400","1796300581"
"12/22/2016","1482364800","1695203949"
"12/23/2016","1482451200","1339317925"
"12/24/2016","1482537600","1110435549"
"12/25/2016","1482624000","1044011922"
"12/26/2016","1482710400","1001482192"
"12/27/2016","1482796800","1432239709"
"12/28/2016","1482883200","1356040583"
"12/29/2016","1482969600","1632342826"
"12/30/2016","1483056000","1553149651"
"12/31/2016","1483142400","1267201745"
"1/1/2017","1483228800","1122085141"
"1/2/2017","1483315200","1200378294"
"1/3/2017","1483401600","1725017707"
"1/4/2017","1483488000","1722856381"
"1/5/2017","1483574400","1531231916"
"1/6/2017","1483660800","1346979886"
"1/7/2017","1483747200","1339394826"
"1/8/2017","1483833600","1452349378"
"1/9/2017","1483920000","1557850735"
"1/10/2017","1484006400","1666781505"
"1/11/2017","1484092800","1526928420"
"1/12/2017","1484179200","1613483109"
"1/13/2017","1484265600","1614122156"
"1/14/2017","1484352000","1276527305"
"1/15/2017","1484438400","1333535915"
"1/16/2017","1484524800","1447294287"
"1/17/2017","1484611200","1742542655"
"1/18/2017","1484697600","1514489339"
"1/19/2017","1484784000","1417244289"
"1/20/2017","1484870400","1515455427"
"1/21/2017","1484956800","1388291037"
"1/22/2017","1485043200","1643236317"
"1/23/2017","1485129600","1597491636"
"1/24/2017","1485216000","1886697084"
"1/25/2017","1485302400","1674958906"
"1/26/2017","1485388800","1623030263"
"1/27/2017","1485475200","1559585360"
"1/28/2017","1485561600","1513588184"
"1/29/2017","1485648000","1368433239"
"1/30/2017","1485734400","1490998292"
"1/31/2017","1485820800","1406776443"
"2/1/2017","1485907200","1723454015"
"2/2/2017","1485993600","1558834935"
"2/3/2017","1486080000","1519386885"
"2/4/2017","1486166400","1441528397"
"2/5/2017","1486252800","1567592675"
"2/6/2017","1486339200","1599155373"
"2/7/2017","1486425600","1983099544"
"2/8/2017","1486512000","1831684518"
"2/9/2017","1486598400","1730081198"
"2/10/2017","1486684800","2034959642"
"2/11/2017","1486771200","1761766435"
"2/12/2017","1486857600","1715520962"
"2/13/2017","1486944000","2340786140"
"2/14/2017","1487030400","2194959803"
"2/15/2017","1487116800","2349687466"
"2/16/2017","1487203200","1745086369"
"2/17/2017","1487289600","1731885385"
"2/18/2017","1487376000","1867779741"
"2/19/2017","1487462400","1612661135"
"2/20/2017","1487548800","1804435972"
"2/21/2017","1487635200","2378366614"
"2/22/2017","1487721600","2167016939"
"2/23/2017","1487808000","1835447879"
"2/24/2017","1487894400","1810426719"
"2/25/2017","1487980800","2017627760"
"2/26/2017","1488067200","1704657840"
"2/27/2017","1488153600","1932296583"
"2/28/2017","1488240000","2140853331"
"3/1/2017","1488326400","2146017149"
"3/2/2017","1488412800","2278844062"
"3/3/2017","1488499200","2015645991"
"3/4/2017","1488585600","1881415432"
"3/5/2017","1488672000","1890414773"
"3/6/2017","1488758400","1824348403"
"3/7/2017","1488844800","1962866259"
"3/8/2017","1488931200","1749096281"
"3/9/2017","1489017600","2168001854"
"3/10/2017","1489104000","2244444377"
"3/11/2017","1489190400","2121047668"
"3/12/2017","1489276800","2112935282"
"3/13/2017","1489363200","3230713433"
"3/14/2017","1489449600","3113154274"
"3/15/2017","1489536000","2732822658"
"3/16/2017","1489622400","3665163840"
"3/17/2017","1489708800","3367447756"
"3/18/2017","1489795200","2680677691"
"3/19/2017","1489881600","2539978136"
"3/20/2017","1489968000","2538286690"
"3/21/2017","1490054400","2722576858"
"3/22/2017","1490140800","2630501522"
"3/23/2017","1490227200","2732317738"
"3/24/2017","1490313600","2802719814"
"3/25/2017","1490400000","2527232365"
"3/26/2017","1490486400","2604354268"
"3/27/2017","1490572800","3525902049"
"3/28/2017","1490659200","2829505044"
"3/29/2017","1490745600","3116605361"
"3/30/2017","1490832000","3137212539"
"3/31/2017","1490918400","3436349297"
"4/1/2017","1491004800","2573095663"
"4/2/2017","1491091200","2994651161"
"4/3/2017","1491177600","3376865972"
"4/4/2017","1491264000","2864503196"
"4/5/2017","1491350400","2984719130"
"4/6/2017","1491436800","3183645283"
"4/7/2017","1491523200","3272867342"
"4/8/2017","1491609600","2355623725"
"4/9/2017","1491696000","2602180314"
"4/10/2017","1491782400","2760816737"
"4/11/2017","1491868800","2679717515"
"4/12/2017","1491955200","3182442702"
"4/13/2017","1492041600","2759203997"
"4/14/2017","1492128000","2852421954"
"4/15/2017","1492214400","2598033805"
"4/16/2017","1492300800","2501650359"
"4/17/2017","1492387200","2751457420"
"4/18/2017","1492473600","3260252456"
"4/19/2017","1492560000","3465363718"
"4/20/2017","1492646400","3408878184"
"4/21/2017","1492732800","3790138031"
"4/22/2017","1492819200","3110233611"
"4/23/2017","1492905600","3017245471"
"4/24/2017","1492992000","3142866515"
"4/25/2017","1493078400","3587460558"
"4/26/2017","1493164800","3389558270"
"4/27/2017","1493251200","3855782843"
"4/28/2017","1493337600","3606508681"
"4/29/2017","1493424000","3072854430"
"4/30/2017","1493510400","3369941640"
"5/1/2017","1493596800","4407350348"
"5/2/2017","1493683200","4635194345"
"5/3/2017","1493769600","3466927160"
"5/4/2017","1493856000","4146025194"
"5/5/2017","1493942400","3703774549"
"5/6/2017","1494028800","3895528821"
"5/7/2017","1494115200","4383783590"
"5/8/2017","1494201600","4371120763"
"5/9/2017","1494288000","4941861347"
"5/10/2017","1494374400","4977215293"
"5/11/2017","1494460800","5037332202"
"5/12/2017","1494547200","5266065050"
"5/13/2017","1494633600","5077306379"
"5/14/2017","1494720000","5160924870"
"5/15/2017","1494806400","6301530936"
"5/16/2017","1494892800","6372683499"
"5/17/2017","1494979200","7720771554"
"5/18/2017","1495065600","7193965880"
"5/19/2017","1495152000","8397664033"
"5/20/2017","1495238400","7231434396"
"5/21/2017","1495324800","7608565060"
"5/22/2017","1495411200","8262616027"
"5/23/2017","1495497600","10792046776"
"5/24/2017","1495584000","11331763125"
"5/25/2017","1495670400","9970769428"
"5/26/2017","1495756800","9457379360"
"5/27/2017","1495843200","8220637008"
"5/28/2017","1495929600","8823289197"
"5/29/2017","1496016000","8502914345"
"5/30/2017","1496102400","12123850008"
"5/31/2017","1496188800","12807114092"
"6/1/2017","1496275200","10585577059"
"6/2/2017","1496361600","12488700413"
"6/3/2017","1496448000","10201890636"
"6/4/2017","1496534400","10633567472"
"6/5/2017","1496620800","9761889950"
"6/6/2017","1496707200","10984663716"
"6/7/2017","1496793600","11557499687"
"6/8/2017","1496880000","10261845222"
"6/9/2017","1496966400","11058393071"
"6/10/2017","1497052800","9841868154"
"6/11/2017","1497139200","12661099741"
"6/12/2017","1497225600","15111081528"
"6/13/2017","1497312000","12308459502"
"6/14/2017","1497398400","11460738761"
"6/15/2017","1497484800","11866655521"
"6/16/2017","1497571200","11936721304"
"6/17/2017","1497657600","11471789945"
"6/18/2017","1497744000","12442644327"
"6/19/2017","1497830400","13844965069"
"6/20/2017","1497916800","16318742376"
"6/21/2017","1498003200","16194449431"
"6/22/2017","1498089600","16900771803"
"6/23/2017","1498176000","12816221982"
"6/24/2017","1498262400","13618865563"
"6/25/2017","1498348800","12409519930"
"6/26/2017","1498435200","13547864341"
"6/27/2017","1498521600","11678415830"
"6/28/2017","1498608000","15232354556"
"6/29/2017","1498694400","14345970753"
"6/30/2017","1498780800","13795600568"
"7/1/2017","1498867200","12521038121"
"7/2/2017","1498953600","13002683664"
"7/3/2017","1499040000","16175176848"
"7/4/2017","1499126400","15136378093"
"7/5/2017","1499212800","14865252727"
"7/6/2017","1499299200","13174610768"
"7/7/2017","1499385600","13873012367"
"7/8/2017","1499472000","12858510908"
"7/9/2017","1499558400","10477343982"
"7/10/2017","1499644800","13402974481"
"7/11/2017","1499731200","14105413216"
"7/12/2017","1499817600","14232178771"
"7/13/2017","1499904000","14997729804"
"7/14/2017","1499990400","12734885135"
"7/15/2017","1500076800","10654024056"
"7/16/2017","1500163200","11266129267"
"7/17/2017","1500249600","11980769662"
"7/18/2017","1500336000","14125844187"
"7/19/2017","1500422400","12131955982"
"7/20/2017","1500508800","11664100238"
"7/21/2017","1500595200","10446514542"
"7/22/2017","1500681600","9524071657"
"7/23/2017","1500768000","11670362240"
"7/24/2017","1500854400","13611993829"
"7/25/2017","1500940800","12380952661"
"7/26/2017","1501027200","10833315646"
"7/27/2017","1501113600","10120647777"
"7/28/2017","1501200000","11945897337"
"7/29/2017","1501286400","9555608826"
"7/30/2017","1501372800","11830615520"
"7/31/2017","1501459200","12631771948"
"8/1/2017","1501545600","12712633763"
"8/2/2017","1501632000","11528446756"
"8/3/2017","1501718400","12302333888"
"8/4/2017","1501804800","12936116501"
"8/5/2017","1501891200","12932883007"
"8/6/2017","1501977600","12563169019"
"8/7/2017","1502064000","13825333409"
"8/8/2017","1502150400","15480719454"
"8/9/2017","1502236800","14138834844"
"8/10/2017","1502323200","15013390317"
"8/11/2017","1502409600","16970909183"
"8/12/2017","1502496000","16866888987"
"8/13/2017","1502582400","16412188461"
"8/14/2017","1502668800","19420639505"
"8/15/2017","1502755200","22420514846"
"8/16/2017","1502841600","23252716251"
"8/17/2017","1502928000","22078488852"
"8/18/2017","1503014400","21706184631"
"8/19/2017","1503100800","19220763789"
"8/20/2017","1503187200","15896801546"
"8/21/2017","1503273600","17401005729"
"8/22/2017","1503360000","17186834718"
"8/23/2017","1503446400","17213958732"
"8/24/2017","1503532800","15605369701"
"8/25/2017","1503619200","14108202514"
"8/26/2017","1503705600","14015346534"
"8/27/2017","1503792000","15001225365"
"8/28/2017","1503878400","16485319187"
"8/29/2017","1503964800","20167518335"
"8/30/2017","1504051200","18328764907"
"8/31/2017","1504137600","19022461476"
"9/1/2017","1504224000","19038356374"
"9/2/2017","1504310400","15951133510"
"9/3/2017","1504396800","14093399641"
"9/4/2017","1504483200","18669548895"
"9/5/2017","1504569600","20587720062"
"9/6/2017","1504656000","21850533489"
"9/7/2017","1504742400","21860214702"
"9/8/2017","1504828800","21076267456"
"9/9/2017","1504915200","17994285809"
"9/10/2017","1505001600","15867451570"
"9/11/2017","1505088000","17619207471"
"9/12/2017","1505174400","19047548800"
"9/13/2017","1505260800","18052205923"
"9/14/2017","1505347200","18330776595"
"9/15/2017","1505433600","20666662769"
"9/16/2017","1505520000","20417940497"
"9/17/2017","1505606400","16461120596"
"9/18/2017","1505692800","18065378622"
"9/19/2017","1505779200","18037053711"
"9/20/2017","1505865600","19198494584"
"9/21/2017","1505952000","17557702349"
"9/22/2017","1506038400","14989028970"
"9/23/2017","1506124800","14148926235"
"9/24/2017","1506211200","15049348283"
"9/25/2017","1506297600","15438672580"
"9/26/2017","1506384000","17258565559"
"9/27/2017","1506470400","16132176667"
"9/28/2017","1506556800","15969409283"
"9/29/2017","1506643200","15903325578"
"9/30/2017","1506729600","15741288840"
"10/1/2017","1506816000","15310702625"
"10/2/2017","1506902400","15476144246"
"10/3/2017","1506988800","16505707600"
"10/4/2017","1507075200","16487207597"
"10/5/2017","1507161600","15769323939"
"10/6/2017","1507248000","16237865284"
"10/7/2017","1507334400","14920815678"
"10/8/2017","1507420800","15692320454"
"10/9/2017","1507507200","16593181455"
"10/10/2017","1507593600","16179450785"
"10/11/2017","1507680000","16118748639"
"10/12/2017","1507766400","16867122755"
"10/13/2017","1507852800","16818042076"
"10/14/2017","1507939200","16796028877"
"10/15/2017","1508025600","16839186003"
"10/16/2017","1508112000","21922149733"
"10/17/2017","1508198400","23228035407"
"10/18/2017","1508284800","21489016601"
"10/19/2017","1508371200","24000639917"
"10/20/2017","1508457600","26586311517"
"10/21/2017","1508544000","18071912431"
"10/22/2017","1508630400","17476517075"
"10/23/2017","1508716800","22112574421"
"10/24/2017","1508803200","26564339882"
"10/25/2017","1508889600","26309948399"
"10/26/2017","1508976000","25792258901"
"10/27/2017","1509062400","26465608457"
"10/28/2017","1509148800","24238961845"
"10/29/2017","1509235200","24746206086"
"10/30/2017","1509321600","26614306113"
"10/31/2017","1509408000","29533828429"
"11/1/2017","1509494400","29424380755"
"11/2/2017","1509580800","29711567693"
"11/3/2017","1509667200","27474314374"
"11/4/2017","1509753600","21376023145"
"11/5/2017","1509840000","18773996019"
"11/6/2017","1509926400","21153932849"
"11/7/2017","1510012800","22865503353"
"11/8/2017","1510099200","23449784813"
"11/9/2017","1510185600","24998074107"
"11/10/2017","1510272000","23709873840"
"11/11/2017","1510358400","22677610504"
"11/12/2017","1510444800","22925780729"
"11/13/2017","1510531200","24529577479"
"11/14/2017","1510617600","25946874938"
"11/15/2017","1510704000","27301153015"
"11/16/2017","1510790400","25488120832"
"11/17/2017","1510876800","26784225318"
"11/18/2017","1510963200","24532718494"
"11/19/2017","1511049600","23975090718"
"11/20/2017","1511136000","26027982305"
"11/21/2017","1511222400","25906539931"
"11/22/2017","1511308800","26017543726"
"11/23/2017","1511395200","26725364867"
"11/24/2017","1511481600","26317732352"
"11/25/2017","1511568000","27394849746"
"11/26/2017","1511654400","27674135132"
"11/27/2017","1511740800","30599511959"
"11/28/2017","1511827200","30288687055"
"11/29/2017","1511913600","29519996063"
"11/30/2017","1512000000","28880894729"
"12/1/2017","1512086400","31811531693"
"12/2/2017","1512172800","30183667434"
"12/3/2017","1512259200","33003047721"
"12/4/2017","1512345600","34887121288"
"12/5/2017","1512432000","35038771633"
"12/6/2017","1512518400","33872524569"
"12/7/2017","1512604800","37125990058"
"12/8/2017","1512691200","37650148331"
"12/9/2017","1512777600","38152909553"
"12/10/2017","1512864000","41534619670"
"12/11/2017","1512950400","42190609044"
"12/12/2017","1513036800","42534383833"
"12/13/2017","1513123200","41625003479"
"12/14/2017","1513209600","43964305213"
"12/15/2017","1513296000","42607604617"
"12/16/2017","1513382400","42279195527"
"12/17/2017","1513468800","41694276203"
"12/18/2017","1513555200","43186977264"
"12/19/2017","1513641600","43342615632"
"12/20/2017","1513728000","41579518582"
"12/21/2017","1513814400","42822071285"
"12/22/2017","1513900800","42339693488"
"12/23/2017","1513987200","41686739250"
"12/24/2017","1514073600","39798116384"
"12/25/2017","1514160000","36883633123"
"12/26/2017","1514246400","38712289894"
"12/27/2017","1514332800","41512701145"
"12/28/2017","1514419200","41331549758"
"12/29/2017","1514505600","43383854091"
"12/30/2017","1514592000","41534605727"
"12/31/2017","1514678400","40470099836"
"1/1/2018","1514764800","39876127062"
"1/2/2018","1514851200","42671435301"
"1/3/2018","1514937600","41794056176"
"1/4/2018","1515024000","41332879147"
"1/5/2018","1515110400","40379621205"
"1/6/2018","1515196800","41149583911"
"1/7/2018","1515283200","42259801663"
"1/8/2018","1515369600","41554528829"
"1/9/2018","1515456000","40838021653"
"1/10/2018","1515542400","41211834716"
"1/11/2018","1515628800","40874997008"
"1/12/2018","1515715200","41302749226"
"1/13/2018","1515801600","41404605848"
"1/14/2018","1515888000","42756086884"
"1/15/2018","1515974400","42043952117"
"1/16/2018","1516060800","42377287097"
"1/17/2018","1516147200","42082782990"
"1/18/2018","1516233600","42002307855"
"1/19/2018","1516320000","40650250975"
"1/20/2018","1516406400","42221424863"
"1/21/2018","1516492800","41120535667"
"1/22/2018","1516579200","42384341493"
"1/23/2018","1516665600","42585249220"
"1/24/2018","1516752000","41116424115"
"1/25/2018","1516838400","38694327499"
"1/26/2018","1516924800","40325654323"
"1/27/2018","1517011200","36907616933"
"1/28/2018","1517097600","39324531791"
"1/29/2018","1517184000","40261018198"
"1/30/2018","1517270400","40864587588"
"1/31/2018","1517356800","41266872563"
"2/1/2018","1517443200","41536066787"
"2/2/2018","1517529600","40854960763"
"2/3/2018","1517616000","39679298889"
"2/4/2018","1517702400","38898471198"
"2/5/2018","1517788800","40245262197"
"2/6/2018","1517875200","39381740316"
"2/7/2018","1517961600","38974098416"
"2/8/2018","1518048000","37504769448"
"2/9/2018","1518134400","38742315523"
"2/10/2018","1518220800","40043083880"
"2/11/2018","1518307200","38287873264"
"2/12/2018","1518393600","38752828307"
"2/13/2018","1518480000","37040485585"
"2/14/2018","1518566400","36680999206"
"2/15/2018","1518652800","38240882715"
"2/16/2018","1518739200","37933382560"
"2/17/2018","1518825600","39190067077"
"2/18/2018","1518912000","39397382859"
"2/19/2018","1518998400","39606612657"
"2/20/2018","1519084800","41973901118"
"2/21/2018","1519171200","40847542931"
"2/22/2018","1519257600","38837227832"
"2/23/2018","1519344000","37991211338"
"2/24/2018","1519430400","38209268440"
"2/25/2018","1519516800","37805002395"
"2/26/2018","1519603200","37390079297"
"2/27/2018","1519689600","37544097966"
"2/28/2018","1519776000","39310780770"
"3/1/2018","1519862400","37659539662"
"3/2/2018","1519948800","39983716238"
"3/3/2018","1520035200","37865237862"
"3/4/2018","1520121600","38730214278"
"3/5/2018","1520208000","38793616163"
"3/6/2018","1520294400","37307686369"
"3/7/2018","1520380800","38466490967"
"3/8/2018","1520467200","37448073374"
"3/9/2018","1520553600","37016588949"
"3/10/2018","1520640000","36078405981"
"3/11/2018","1520726400","34925525031"
"3/12/2018","1520812800","37215624308"
"3/13/2018","1520899200","35427163435"
"3/14/2018","1520985600","35522019946"
"3/15/2018","1521072000","35374686934"
"3/16/2018","1521158400","34947118314"
"3/17/2018","1521244800","31445915711"
"3/18/2018","1521331200","36562436097"
"3/19/2018","1521417600","35802695120"
"3/20/2018","1521504000","34824000498"
"3/21/2018","1521590400","36536924121"
"3/22/2018","1521676800","33771872051"
"3/23/2018","1521763200","34522177147"
"3/24/2018","1521849600","32878378111"
"3/25/2018","1521936000","31986241666"
"3/26/2018","1522022400","31967319199"
"3/27/2018","1522108800","30405543514"
"3/28/2018","1522195200","29579341741"
"3/29/2018","1522281600","30620605384"
"3/30/2018","1522368000","33817911220"
"3/31/2018","1522454400","33628710263"
"4/1/2018","1522540800","32806978500"
"4/2/2018","1522627200","34275278877"
"4/3/2018","1522713600","36638070285"
"4/4/2018","1522800000","38069223989"
"4/5/2018","1522886400","38406031856"
"4/6/2018","1522972800","39892595936"
"4/7/2018","1523059200","35226156928"
"4/8/2018","1523145600","36718092042"
"4/9/2018","1523232000","36420879261"
"4/10/2018","1523318400","34498152250"
"4/11/2018","1523404800","36167887453"
"4/12/2018","1523491200","38944530354"
"4/13/2018","1523577600","39941881291"
"4/14/2018","1523664000","37051422552"
"4/15/2018","1523750400","37279688415"
"4/16/2018","1523836800","41367262885"
"4/17/2018","1523923200","40466251221"
"4/18/2018","1524009600","41752401881"
"4/19/2018","1524096000","42227790268"
"4/20/2018","1524182400","41929292299"
"4/21/2018","1524268800","40430887565"
"4/22/2018","1524355200","40830020164"
"4/23/2018","1524441600","40462293418"
"4/24/2018","1524528000","40514357609"
"4/25/2018","1524614400","40232833784"
"4/26/2018","1524700800","39885121068"
"4/27/2018","1524787200","38211862312"
"4/28/2018","1524873600","37348503833"
"4/29/2018","1524960000","39452701435"
"4/30/2018","1525046400","39894191248"
"5/1/2018","1525132800","40429240606"
"5/2/2018","1525219200","41267021917"
"5/3/2018","1525305600","41099388553"
"5/4/2018","1525392000","40546297144"
"5/5/2018","1525478400","41102779063"
"5/6/2018","1525564800","41025646645"
"5/7/2018","1525651200","40758232103"
"5/8/2018","1525737600","40304578684"
"5/9/2018","1525824000","41056578641"
"5/10/2018","1525910400","42077652571"
"5/11/2018","1525996800","42137062466"
"5/12/2018","1526083200","41947482619"
"5/13/2018","1526169600","42095138110"
"5/14/2018","1526256000","41575121024"
"5/15/2018","1526342400","42107807607"
"5/16/2018","1526428800","41845709141"
"5/17/2018","1526515200","42283965497"
"5/18/2018","1526601600","41377791441"
"5/19/2018","1526688000","40966882698"
"5/20/2018","1526774400","41219233468"
"5/21/2018","1526860800","41831890123"
"5/22/2018","1526947200","41456171332"
"5/23/2018","1527033600","41325261694"
"5/24/2018","1527120000","41191748706"
"5/25/2018","1527206400","41338035589"
"5/26/2018","1527292800","41591669448"
"5/27/2018","1527379200","41421746726"
"5/28/2018","1527465600","42560712962"
"5/29/2018","1527552000","42472863563"
"5/30/2018","1527638400","41831306449"
"5/31/2018","1527724800","43057803542"
"6/1/2018","1527811200","42221792114"
"6/2/2018","1527897600","40901201957"
"6/3/2018","1527984000","41445574359"
"6/4/2018","1528070400","42323300929"
"6/5/2018","1528156800","41485005616"
"6/6/2018","1528243200","40366304070"
"6/7/2018","1528329600","40967193153"
"6/8/2018","1528416000","41672235526"
"6/9/2018","1528502400","40490126878"
"6/10/2018","1528588800","40957162688"
"6/11/2018","1528675200","41470336349"
"6/12/2018","1528761600","41570624158"
"6/13/2018","1528848000","40679789777"
"6/14/2018","1528934400","36689286279"
"6/15/2018","1529020800","37425182608"
"6/16/2018","1529107200","40920378464"
"6/17/2018","1529193600","39762305224"
"6/18/2018","1529280000","40588419803"
"6/19/2018","1529366400","41529355327"
"6/20/2018","1529452800","42492438577"
"6/21/2018","1529539200","42185388286"
"6/22/2018","1529625600","41118162291"
"6/23/2018","1529712000","37530869888"
"6/24/2018","1529798400","37766116343"
"6/25/2018","1529884800","39552748088"
"6/26/2018","1529971200","40325053173"
"6/27/2018","1530057600","40864261407"
"6/28/2018","1530144000","39892109183"
"6/29/2018","1530230400","39736452466"
"6/30/2018","1530316800","43190516935"
"7/1/2018","1530403200","44488940344"
"7/2/2018","1530489600","44403826830"
"7/3/2018","1530576000","43841659879"
"7/4/2018","1530662400","44201388565"
"7/5/2018","1530748800","43708739479"
"7/6/2018","1530835200","43792443117"
"7/7/2018","1530921600","43915762993"
"7/8/2018","1531008000","40007496507"
"7/9/2018","1531094400","43370048739"
"7/10/2018","1531180800","41946839108"
"7/11/2018","1531267200","43293417007"
"7/12/2018","1531353600","44373182422"
"7/13/2018","1531440000","45172389925"
"7/14/2018","1531526400","45337468864"
"7/15/2018","1531612800","44769838833"
"7/16/2018","1531699200","42392342609"
"7/17/2018","1531785600","42744624469"
"7/18/2018","1531872000","41558538732"
"7/19/2018","1531958400","42598680722"
"7/20/2018","1532044800","43107705894"
"7/21/2018","1532131200","43848849860"
"7/22/2018","1532217600","43686039590"
"7/23/2018","1532304000","43020718994"
"7/24/2018","1532390400","42108371249"
"7/25/2018","1532476800","42981057409"
"7/26/2018","1532563200","42685455814"
"7/27/2018","1532649600","40925241441"
"7/28/2018","1532736000","38092270390"
"7/29/2018","1532822400","37955708262"
"7/30/2018","1532908800","40983817703"
"7/31/2018","1532995200","41561563320"
"8/1/2018","1533081600","42361321878"
"8/2/2018","1533168000","42271396577"
"8/3/2018","1533254400","42649322806"
"8/4/2018","1533340800","42480556982"
"8/5/2018","1533427200","41847737983"
"8/6/2018","1533513600","42982705325"
"8/7/2018","1533600000","44010142032"
"8/8/2018","1533686400","45392269325"
"8/9/2018","1533772800","44636390636"
"8/10/2018","1533859200","42486678014"
"8/11/2018","1533945600","39400853006"
"8/12/2018","1534032000","38774637147"
"8/13/2018","1534118400","39237766345"
"8/14/2018","1534204800","39228141511"
"8/15/2018","1534291200","41795094541"
"8/16/2018","1534377600","41608463240"
"8/17/2018","1534464000","42577478825"
"8/18/2018","1534550400","42503730084"
"8/19/2018","1534636800","41562371454"
"8/20/2018","1534723200","41363507891"
"8/21/2018","1534809600","42748700585"
"8/22/2018","1534896000","42264220552"
"8/23/2018","1534982400","42065549337"
"8/24/2018","1535068800","42623018333"
"8/25/2018","1535155200","42291755913"
"8/26/2018","1535241600","42412745552"
"8/27/2018","1535328000","41618999135"
"8/28/2018","1535414400","42611722775"
"8/29/2018","1535500800","40990484124"
"8/30/2018","1535587200","41748317671"
"8/31/2018","1535673600","42390979718"
"9/1/2018","1535760000","41936588522"
"9/2/2018","1535846400","41773080784"
"9/3/2018","1535932800","41333831573"
"9/4/2018","1536019200","41619433121"
"9/5/2018","1536105600","40180824691"
"9/6/2018","1536192000","41771236119"
"9/7/2018","1536278400","41748180692"
"9/8/2018","1536364800","42557339489"
"9/9/2018","1536451200","41908318225"
"9/10/2018","1536537600","41544023685"
"9/11/2018","1536624000","40499473258"
"9/12/2018","1536710400","41821110210"
"9/13/2018","1536796800","39998835686"
"9/14/2018","1536883200","41155885095"
"9/15/2018","1536969600","42479824388"
"9/16/2018","1537056000","42347625627"
"9/17/2018","1537142400","42025095355"
"9/18/2018","1537228800","41072862147"
"9/19/2018","1537315200","42797060711"
"9/20/2018","1537401600","40629078208"
"9/21/2018","1537488000","41721367477"
"9/22/2018","1537574400","41200809253"
"9/23/2018","1537660800","41005393483"
"9/24/2018","1537747200","41546126422"
"9/25/2018","1537833600","42001178534"
"9/26/2018","1537920000","43022447700"
"9/27/2018","1538006400","42550467914"
"9/28/2018","1538092800","42049467383"
"9/29/2018","1538179200","39766603646"
"9/30/2018","1538265600","39336715212"
"10/1/2018","1538352000","38550173670"
"10/2/2018","1538438400","39210756138"
"10/3/2018","1538524800","40441198221"
"10/4/2018","1538611200","40791755826"
"10/5/2018","1538697600","39567592626"
"10/6/2018","1538784000","39476085282"
"10/7/2018","1538870400","33826478161"
"10/8/2018","1538956800","36578754051"
"10/9/2018","1539043200","37000810498"
"10/10/2018","1539129600","34139298437"
"10/11/2018","1539216000","37661276962"
"10/12/2018","1539302400","38451490999"
"10/13/2018","1539388800","36203199069"
"10/14/2018","1539475200","35376080289"
"10/15/2018","1539561600","33358306047"
"10/16/2018","1539648000","35819639765"
"10/17/2018","1539734400","36418616658"
"10/18/2018","1539820800","36642236034"
"10/19/2018","1539907200","35201821247"
"10/20/2018","1539993600","35802525028"
"10/21/2018","1540080000","35947512741"
"10/22/2018","1540166400","37370081491"
"10/23/2018","1540252800","36490238324"
"10/24/2018","1540339200","37871758031"
"10/25/2018","1540425600","39963554987"
"10/26/2018","1540512000","37790304411"
"10/27/2018","1540598400","34908844690"
"10/28/2018","1540684800","34801193735"
"10/29/2018","1540771200","35640730470"
"10/30/2018","1540857600","35022078049"
"10/31/2018","1540944000","35624494130"
"11/1/2018","1541030400","34809635846"
"11/2/2018","1541116800","34820768824"
"11/3/2018","1541203200","33992268567"
"11/4/2018","1541289600","34551676453"
"11/5/2018","1541376000","35479168187"
"11/6/2018","1541462400","35232747104"
"11/7/2018","1541548800","35282954657"
"11/8/2018","1541635200","34928286756"
"11/9/2018","1541721600","34364620711"
"11/10/2018","1541808000","35048287080"
"11/11/2018","1541894400","35261652912"
"11/12/2018","1541980800","35126834156"
"11/13/2018","1542067200","33996251185"
"11/14/2018","1542153600","35751989357"
"11/15/2018","1542240000","35050498504"
"11/16/2018","1542326400","35420405742"
"11/17/2018","1542412800","34989887308"
"11/18/2018","1542499200","36390346551"
"11/19/2018","1542585600","39183219447"
"11/20/2018","1542672000","37830924179"
"11/21/2018","1542758400","36979108654"
"11/22/2018","1542844800","35312592066"
"11/23/2018","1542931200","36169776966"
"11/24/2018","1543017600","32414441192"
"11/25/2018","1543104000","33912327881"
"11/26/2018","1543190400","35194617770"
"11/27/2018","1543276800","36450146880"
"11/28/2018","1543363200","38279118175"
"11/29/2018","1543449600","40567003945"
"11/30/2018","1543536000","41498304998"
"12/1/2018","1543622400","37855433451"
"12/2/2018","1543708800","36978836176"
"12/3/2018","1543795200","38468734821"
"12/4/2018","1543881600","38517989207"
"12/5/2018","1543968000","39852764865"
"12/6/2018","1544054400","38989485540"
"12/7/2018","1544140800","37593409260"
"12/8/2018","1544227200","36351324362"
"12/9/2018","1544313600","36042196703"
"12/10/2018","1544400000","36021573269"
"12/11/2018","1544486400","35585775449"
"12/12/2018","1544572800","35633103181"
"12/13/2018","1544659200","36378262445"
"12/14/2018","1544745600","35301553719"
"12/15/2018","1544832000","36402769541"
"12/16/2018","1544918400","35819776292"
"12/17/2018","1545004800","36051418221"
"12/18/2018","1545091200","36527372942"
"12/19/2018","1545177600","36762367264"
"12/20/2018","1545264000","37023946256"
"12/21/2018","1545350400","36552504498"
"12/22/2018","1545436800","34836369241"
"12/23/2018","1545523200","35278772565"
"12/24/2018","1545609600","36861433769"
"12/25/2018","1545696000","37583083400"
"12/26/2018","1545782400","36661738118"
"12/27/2018","1545868800","35126659397"
"12/28/2018","1545955200","36116056243"
"12/29/2018","1546041600","35134737753"
"12/30/2018","1546128000","37035235634"
"12/31/2018","1546214400","35111827402"
"1/1/2019","1546300800","32962591808"
"1/2/2019","1546387200","35364525440"
"1/3/2019","1546473600","33987627591"
"1/4/2019","1546560000","33754357918"
"1/5/2019","1546646400","32335694087"
"1/6/2019","1546732800","30112976964"
"1/7/2019","1546819200","31915860028"
"1/8/2019","1546905600","31137208059"
"1/9/2019","1546992000","31279267451"
"1/10/2019","1547078400","32195149893"
"1/11/2019","1547164800","33318084869"
"1/12/2019","1547251200","29702483987"
"1/13/2019","1547337600","29548320450"
"1/14/2019","1547424000","33474170588"
"1/15/2019","1547510400","31544999460"
"1/16/2019","1547596800","32162670591"
"1/17/2019","1547683200","30901966019"
"1/18/2019","1547769600","31952137313"
"1/19/2019","1547856000","33878498386"
"1/20/2019","1547942400","33077247331"
"1/21/2019","1548028800","33763981311"
"1/22/2019","1548115200","34637145295"
"1/23/2019","1548201600","31630703208"
"1/24/2019","1548288000","31679636794"
"1/25/2019","1548374400","30938949942"
"1/26/2019","1548460800","33241053039"
"1/27/2019","1548547200","31494607522"
"1/28/2019","1548633600","33400327582"
"1/29/2019","1548720000","32867605159"
"1/30/2019","1548806400","32975674787"
"1/31/2019","1548892800","35261654580"
"2/1/2019","1548979200","32761450415"
"2/2/2019","1549065600","30168904532"
"2/3/2019","1549152000","28022576836"
"2/4/2019","1549238400","28109457360"
"2/5/2019","1549324800","27984580259"
"2/6/2019","1549411200","28696360299"
"2/7/2019","1549497600","29441176225"
"2/8/2019","1549584000","30304669218"
"2/9/2019","1549670400","29701599787"
"2/10/2019","1549756800","26786193364"
"2/11/2019","1549843200","27611571189"
"2/12/2019","1549929600","28573833622"
"2/13/2019","1550016000","29584055361"
"2/14/2019","1550102400","29051955302"
"2/15/2019","1550188800","30180437810"
"2/16/2019","1550275200","29978364164"
"2/17/2019","1550361600","29860882794"
"2/18/2019","1550448000","31150438004"
"2/19/2019","1550534400","31990800940"
"2/20/2019","1550620800","31658564437"
"2/21/2019","1550707200","32160208363"
"2/22/2019","1550793600","31958692019"
"2/23/2019","1550880000","31537207542"
"2/24/2019","1550966400","31412524215"
"2/25/2019","1551052800","32472793305"
"2/26/2019","1551139200","32859962542"
"2/27/2019","1551225600","32657440136"
"2/28/2019","1551312000","33081119561"
"3/1/2019","1551398400","39420363698"
"3/2/2019","1551484800","38528471339"
"3/3/2019","1551571200","36141033693"
"3/4/2019","1551657600","41736878876"
"3/5/2019","1551744000","39881457026"
"3/6/2019","1551830400","37720064716"
"3/7/2019","1551916800","37630699661"
"3/8/2019","1552003200","38737885031"
"3/9/2019","1552089600","38202661271"
"3/10/2019","1552176000","36152691073"
"3/11/2019","1552262400","38854223598"
"3/12/2019","1552348800","38972844083"
"3/13/2019","1552435200","41098614057"
"3/14/2019","1552521600","40305717005"
"3/15/2019","1552608000","39674989959"
"3/16/2019","1552694400","37614470302"
"3/17/2019","1552780800","36580109837"
"3/18/2019","1552867200","42577612070"
"3/19/2019","1552953600","42575768618"
"3/20/2019","1553040000","42081771829"
"3/21/2019","1553126400","45894918369"
"3/22/2019","1553212800","43152039321"
"3/23/2019","1553299200","39695293453"
"3/24/2019","1553385600","39231359540"
"3/25/2019","1553472000","41444947656"
"3/26/2019","1553558400","41958099117"
"3/27/2019","1553644800","42940357362"
"3/28/2019","1553731200","40811638961"
"3/29/2019","1553817600","45327181927"
"3/30/2019","1553904000","43858855701"
"3/31/2019","1553990400","44736287837"
"4/1/2019","1554076800","44030984417"
"4/2/2019","1554163200","44877692527"
"4/3/2019","1554249600","45894954167"
"4/4/2019","1554336000","42149491093"
"4/5/2019","1554422400","38726714169"
"4/6/2019","1554508800","37417754638"
"4/7/2019","1554595200","36566101424"
"4/8/2019","1554681600","42220874038"
"4/9/2019","1554768000","39688384813"
"4/10/2019","1554854400","43345835713"
"4/11/2019","1554940800","44470427909"
"4/12/2019","1555027200","40916157239"
"4/13/2019","1555113600","37391327889"
"4/14/2019","1555200000","37321591275"
"4/15/2019","1555286400","41931360165"
"4/16/2019","1555372800","45078468225"
"4/17/2019","1555459200","42254922636"
"4/18/2019","1555545600","43956683963"
"4/19/2019","1555632000","40298095179"
"4/20/2019","1555718400","38722063179"
"4/21/2019","1555804800","41490054924"
"4/22/2019","1555891200","41747056633"
"4/23/2019","1555977600","42439955078"
"4/24/2019","1556064000","41123651051"
"4/25/2019","1556150400","39121900618"
"4/26/2019","1556236800","40518820309"
"4/27/2019","1556323200","34658137362"
"4/28/2019","1556409600","37227949798"
"4/29/2019","1556496000","38573360303"
"4/30/2019","1556582400","42019403750"
"5/1/2019","1556668800","41038897810"
"5/2/2019","1556755200","45131761398"
"5/3/2019","1556841600","41255547454"
"5/4/2019","1556928000","38682539142"
"5/5/2019","1557014400","39705294286"
"5/6/2019","1557100800","45208594840"
"5/7/2019","1557187200","49103013450"
"5/8/2019","1557273600","45504951018"
"5/9/2019","1557360000","44872105890"
"5/10/2019","1557446400","45379669435"
"5/11/2019","1557532800","43750021377"
"5/12/2019","1557619200","42436007310"
"5/13/2019","1557705600","44218548709"
"5/14/2019","1557792000","47844313875"
"5/15/2019","1557878400","48894301884"
"5/16/2019","1557964800","48029862890"
"5/17/2019","1558051200","48547285772"
"5/18/2019","1558137600","48021098995"
"5/19/2019","1558224000","45914348177"
"5/20/2019","1558310400","46419904661"
"5/21/2019","1558396800","46743327954"
"5/22/2019","1558483200","47046123182"
"5/23/2019","1558569600","46998393744"
"5/24/2019","1558656000","46180187015"
"5/25/2019","1558742400","44798872647"
"5/26/2019","1558828800","42512386843"
"5/27/2019","1558915200","47388421901"
"5/28/2019","1559001600","46676642604"
"5/29/2019","1559088000","49364278740"
"5/30/2019","1559174400","46363763067"
"5/31/2019","1559260800","47333735726"
"6/1/2019","1559347200","47362841756"
"6/2/2019","1559433600","44724085449"
"6/3/2019","1559520000","46339809679"
"6/4/2019","1559606400","46829722033"
"6/5/2019","1559692800","45891214202"
"6/6/2019","1559779200","47440519793"
"6/7/2019","1559865600","44725474230"
"6/8/2019","1559952000","46050070622"
"6/9/2019","1560038400","44396234970"
"6/10/2019","1560124800","46980076087"
"6/11/2019","1560211200","47375191771"
"6/12/2019","1560297600","46666159224"
"6/13/2019","1560384000","46509414778"
"6/14/2019","1560470400","46682769815"
"6/15/2019","1560556800","46366210294"
"6/16/2019","1560643200","44496676798"
"6/17/2019","1560729600","46712422394"
"6/18/2019","1560816000","46829908104"
"6/19/2019","1560902400","47122430639"
"6/20/2019","1560988800","47206516738"
"6/21/2019","1561075200","43173945070"
"6/22/2019","1561161600","42055164362"
"6/23/2019","1561248000","41291651320"
"6/24/2019","1561334400","43949440958"
"6/25/2019","1561420800","46413301200"
"6/26/2019","1561507200","48242921157"
"6/27/2019","1561593600","48078566713"
"6/28/2019","1561680000","47245159451"
"6/29/2019","1561766400","39003892119"
"6/30/2019","1561852800","38256789901"
"7/1/2019","1561939200","45307646635"
"7/2/2019","1562025600","45784618464"
"7/3/2019","1562112000","44953815609"
"7/4/2019","1562198400","41952762977"
"7/5/2019","1562284800","42715588995"
"7/6/2019","1562371200","42335203891"
"7/7/2019","1562457600","38243194614"
"7/8/2019","1562544000","43061046372"
"7/9/2019","1562630400","43445070569"
"7/10/2019","1562716800","41370585703"
"7/11/2019","1562803200","46059938470"
"7/12/2019","1562889600","42144057433"
"7/13/2019","1562976000","35740368392"
"7/14/2019","1563062400","39643225171"
"7/15/2019","1563148800","44732959212"
"7/16/2019","1563235200","46872912292"
"7/17/2019","1563321600","45839158146"
"7/18/2019","1563408000","42200475154"
"7/19/2019","1563494400","42503784373"
"7/20/2019","1563580800","37385012405"
"7/21/2019","1563667200","34552918086"
"7/22/2019","1563753600","37882509038"
"7/23/2019","1563840000","37709699473"
"7/24/2019","1563926400","44545540143"
"7/25/2019","1564012800","46406253490"
"7/26/2019","1564099200","42026126081"
"7/27/2019","1564185600","41331053427"
"7/28/2019","1564272000","41079658842"
"7/29/2019","1564358400","41064971548"
"7/30/2019","1564444800","42665278458"
"7/31/2019","1564531200","44134304019"
"8/1/2019","1564617600","45737780746"
"8/2/2019","1564704000","43475084335"
"8/3/2019","1564790400","42613281734"
"8/4/2019","1564876800","39792864287"
"8/5/2019","1564963200","43510175696"
"8/6/2019","1565049600","46802710127"
"8/7/2019","1565136000","45632237357"
"8/8/2019","1565222400","44510800538"
"8/9/2019","1565308800","43062666206"
"8/10/2019","1565395200","40025574152"
"8/11/2019","1565481600","38876611860"
"8/12/2019","1565568000","42552930746"
"8/13/2019","1565654400","40869092248"
"8/14/2019","1565740800","45760235706"
"8/15/2019","1565827200","45183685444"
"8/16/2019","1565913600","43127230037"
"8/17/2019","1566000000","40334874395"
"8/18/2019","1566086400","39565500580"
"8/19/2019","1566172800","45653690351"
"8/20/2019","1566259200","46539627909"
"8/21/2019","1566345600","47078815215"
"8/22/2019","1566432000","45865344353"
"8/23/2019","1566518400","46225861903"
"8/24/2019","1566604800","43261048592"
"8/25/2019","1566691200","47256914426"
"8/26/2019","1566777600","47714174146"
"8/27/2019","1566864000","46838805967"
"8/28/2019","1566950400","47047649342"
"8/29/2019","1567036800","47682883249"
"8/30/2019","1567123200","46849622757"
"8/31/2019","1567209600","46539139676"
"9/1/2019","1567296000","46806044439"
"9/2/2019","1567382400","47995961497"
"9/3/2019","1567468800","48244339421"
"9/4/2019","1567555200","47822191088"
"9/5/2019","1567641600","48615446885"
"9/6/2019","1567728000","48334114602"
"9/7/2019","1567814400","48421804111"
"9/8/2019","1567900800","48132098440"
"9/9/2019","1567987200","48427577923"
"9/10/2019","1568073600","48026339185"
"9/11/2019","1568160000","48191144192"
"9/12/2019","1568246400","48329272913"
"9/13/2019","1568332800","47536944092"
"9/14/2019","1568419200","48627971672"
"9/15/2019","1568505600","49230370374"
"9/16/2019","1568592000","50810139433"
"9/17/2019","1568678400","51367339795"
"9/18/2019","1568764800","51885861290"
"9/19/2019","1568851200","55081273776"
"9/20/2019","1568937600","60925909462"
"9/21/2019","1569024000","60650890180"
"9/22/2019","1569110400","59705129302"
"9/23/2019","1569196800","61284564720"
"9/24/2019","1569283200","59509161810"
"9/25/2019","1569369600","59867551721"
"9/26/2019","1569456000","58227975045"
"9/27/2019","1569542400","57710087163"
"9/28/2019","1569628800","61155057978"
"9/29/2019","1569715200","61234809975"
"9/30/2019","1569801600","59624934681"
"10/1/2019","1569888000","52155673833"
"10/2/2019","1569974400","48841413822"
"10/3/2019","1570060800","51875233927"
"10/4/2019","1570147200","45778790374"
"10/5/2019","1570233600","38457122322"
"10/6/2019","1570320000","44029342589"
"10/7/2019","1570406400","42583953395"
"10/8/2019","1570492800","43680971034"
"10/9/2019","1570579200","48056682205"
"10/10/2019","1570665600","44066111719"
"10/11/2019","1570752000","43243119549"
"10/12/2019","1570838400","39585029406"
"10/13/2019","1570924800","36279901108"
"10/14/2019","1571011200","42039570554"
"10/15/2019","1571097600","42535426594"
"10/16/2019","1571184000","43299074292"
"10/17/2019","1571270400","42752796011"
"10/18/2019","1571356800","43208386571"
"10/19/2019","1571443200","39258418316"
"10/20/2019","1571529600","36828448156"
"10/21/2019","1571616000","39535510961"
"10/22/2019","1571702400","44405147164"
"10/23/2019","1571788800","49243736342"
"10/24/2019","1571875200","48059164649"
"10/25/2019","1571961600","45164738156"
"10/26/2019","1572048000","43261777576"
"10/27/2019","1572134400","37445461403"
"10/28/2019","1572220800","45092739148"
"10/29/2019","1572307200","46594160648"
"10/30/2019","1572393600","47241594774"
"10/31/2019","1572480000","43892717086"
"11/1/2019","1572566400","43231578835"
"11/2/2019","1572652800","41264832877"
"11/3/2019","1572739200","45595134768"
"11/4/2019","1572825600","47374699243"
"11/5/2019","1572912000","47782022407"
"11/6/2019","1572998400","44645890614"
"11/7/2019","1573084800","46497162160"
"11/8/2019","1573171200","49535804219"
"11/9/2019","1573257600","46650816090"
"11/10/2019","1573344000","44262798431"
"11/11/2019","1573430400","47569059750"
"11/12/2019","1573516800","47261810205"
"11/13/2019","1573603200","46816524271"
"11/14/2019","1573689600","48008038369"
"11/15/2019","1573776000","48944463318"
"11/16/2019","1573862400","46901679980"
"11/17/2019","1573948800","48180238374"
"11/18/2019","1574035200","48723441259"
"11/19/2019","1574121600","47501722479"
"11/20/2019","1574208000","49149782138"
"11/21/2019","1574294400","51302374778"
"11/22/2019","1574380800","52569747211"
"11/23/2019","1574467200","43040367818"
"11/24/2019","1574553600","42947582364"
"11/25/2019","1574640000","52913145098"
"11/26/2019","1574726400","50730835450"
"11/27/2019","1574812800","48771877406"
"11/28/2019","1574899200","49302947740"
"11/29/2019","1574985600","46377243235"
"11/30/2019","1575072000","45026645436"
"12/1/2019","1575158400","44980697562"
"12/2/2019","1575244800","45008908454"
"12/3/2019","1575331200","42762888140"
"12/4/2019","1575417600","46297458570"
"12/5/2019","1575504000","40476673359"
"12/6/2019","1575590400","34526412286"
"12/7/2019","1575676800","33571132947"
"12/8/2019","1575763200","40676929706"
"12/9/2019","1575849600","43570983807"
"12/10/2019","1575936000","46880081787"
"12/11/2019","1576022400","47184199263"
"12/12/2019","1576108800","48463673367"
"12/13/2019","1576195200","45742352253"
"12/14/2019","1576281600","41283009067"
"12/15/2019","1576368000","40953313167"
"12/16/2019","1576454400","43582425983"
"12/17/2019","1576540800","45375486033"
"12/18/2019","1576627200","44447973005"
"12/19/2019","1576713600","43975524104"
"12/20/2019","1576800000","43735415208"
"12/21/2019","1576886400","41197421318"
"12/22/2019","1576972800","39908140268"
"12/23/2019","1577059200","43281371948"
"12/24/2019","1577145600","41585107947"
"12/25/2019","1577232000","40297166654"
"12/26/2019","1577318400","40489354699"
"12/27/2019","1577404800","40649915593"
"12/28/2019","1577491200","36369155681"
"12/29/2019","1577577600","36858911247"
"12/30/2019","1577664000","38518330510"
"12/31/2019","1577750400","38627032555"
"1/1/2020","1577836800","37203395960"
"1/2/2020","1577923200","37302668848"
"1/3/2020","1578009600","41968777422"
"1/4/2020","1578096000","38380154394"
"1/5/2020","1578182400","37927743195"
"1/6/2020","1578268800","43408214358"
"1/7/2020","1578355200","44513334535"
"1/8/2020","1578441600","46692845452"
"1/9/2020","1578528000","41652370700"
"1/10/2020","1578614400","45198441970"
"1/11/2020","1578700800","40400125291"
"1/12/2020","1578787200","38189009502"
"1/13/2020","1578873600","43952292486"
"1/14/2020","1578960000","47681670353"
"1/15/2020","1579046400","50763451974"
"1/16/2020","1579132800","46942376061"
"1/17/2020","1579219200","47789027570"
"1/18/2020","1579305600","43857518730"
"1/19/2020","1579392000","43412027990"
"1/20/2020","1579478400","42650225159"
"1/21/2020","1579564800","40873614497"
"1/22/2020","1579651200","39338164434"
"1/23/2020","1579737600","41185818136"
"1/24/2020","1579824000","46759863029"
"1/25/2020","1579910400","40730555496"
"1/26/2020","1579996800","41586553569"
"1/27/2020","1580083200","41521814952"
"1/28/2020","1580169600","46371586946"
"1/29/2020","1580256000","47426312361"
"1/30/2020","1580342400","47878408557"
"1/31/2020","1580428800","49581430718"
"2/1/2020","1580515200","43402240366"
"2/2/2020","1580601600","40745352169"
"2/3/2020","1580688000","46645792712"
"2/4/2020","1580774400","52543942279"
"2/5/2020","1580860800","53320740943"
"2/6/2020","1580947200","54718275721"
"2/7/2020","1581033600","55664856425"
"2/8/2020","1581120000","50638732372"
"2/9/2020","1581206400","46358212269"
"2/10/2020","1581292800","47632129828"
"2/11/2020","1581379200","48724997018"
"2/12/2020","1581465600","56289094698"
"2/13/2020","1581552000","54179307187"
"2/14/2020","1581638400","53460912407"
"2/15/2020","1581724800","48166096713"
"2/16/2020","1581811200","49972730590"
"2/17/2020","1581897600","51027894563"
"2/18/2020","1581984000","51074125685"
"2/19/2020","1582070400","52263860641"
"2/20/2020","1582156800","51218580995"
"2/21/2020","1582243200","48254040778"
"2/22/2020","1582329600","43294385821"
"2/23/2020","1582416000","41634826292"
"2/24/2020","1582502400","48768731117"
"2/25/2020","1582588800","51776497786"
"2/26/2020","1582675200","53781520866"
"2/27/2020","1582761600","53104389866"
"2/28/2020","1582848000","51685512448"
"2/29/2020","1582934400","44847191440"
"3/1/2020","1583020800","45349665461"
"3/2/2020","1583107200","47440855618"
"3/3/2020","1583193600","48760549857"
"3/4/2020","1583280000","46260369304"
"3/5/2020","1583366400","48766444005"
"3/6/2020","1583452800","49795124430"
"3/7/2020","1583539200","44637125955"
"3/8/2020","1583625600","50286308613"
"3/9/2020","1583712000","56907992573"
"3/10/2020","1583798400","53671463868"
"3/11/2020","1583884800","53667331706"
"3/12/2020","1583971200","60270155489"
"3/13/2020","1584057600","59237052307"
"3/14/2020","1584144000","54209111490"
"3/15/2020","1584230400","54232784814"
"3/16/2020","1584316800","57390678194"
"3/17/2020","1584403200","56260016936"
"3/18/2020","1584489600","54400650335"
"3/19/2020","1584576000","56477214188"
"3/20/2020","1584662400","56053109603"
"3/21/2020","1584748800","54089637190"
"3/22/2020","1584835200","51420600526"
"3/23/2020","1584921600","51973418456"
"3/24/2020","1585008000","51697161721"
"3/25/2020","1585094400","52072394107"
"3/26/2020","1585180800","52701817210"
"3/27/2020","1585267200","50465639748"
"3/28/2020","1585353600","50355711685"
"3/29/2020","1585440000","46056488567"
"3/30/2020","1585526400","51787919806"
"3/31/2020","1585612800","53179290754"
"4/1/2020","1585699200","53665881090"
"4/2/2020","1585785600","54369995334"
"4/3/2020","1585872000","54597210555"
"4/4/2020","1585958400","52187476824"
"4/5/2020","1586044800","51475533126"
"4/6/2020","1586131200","56414940053"
"4/7/2020","1586217600","57631451338"
"4/8/2020","1586304000","56569534356"
"4/9/2020","1586390400","55120769772"
"4/10/2020","1586476800","55824381169"
"4/11/2020","1586563200","52654735722"
"4/12/2020","1586649600","53937212902"
"4/13/2020","1586736000","55260972737"
"4/14/2020","1586822400","55753722827"
"4/15/2020","1586908800","55370776054"
"4/16/2020","1586995200","56546505543"
"4/17/2020","1587081600","55792894380"
"4/18/2020","1587168000","55552799307"
"4/19/2020","1587254400","55529600862"
"4/20/2020","1587340800","57935356671"
"4/21/2020","1587427200","57567078878"
"4/22/2020","1587513600","57599039714"
"4/23/2020","1587600000","57733723479"
"4/24/2020","1587686400","57990388097"
"4/25/2020","1587772800","56253518223"
"4/26/2020","1587859200","56801948197"
"4/27/2020","1587945600","57748706598"
"4/28/2020","1588032000","57073102681"
"4/29/2020","1588118400","59307361589"
"4/30/2020","1588204800","59360582632"
"5/1/2020","1588291200","58538945742"
"5/2/2020","1588377600","56109407200"
"5/3/2020","1588464000","56694348911"
"5/4/2020","1588550400","59650089352"
"5/5/2020","1588636800","58634760812"
"5/6/2020","1588723200","59252046986"
"5/7/2020","1588809600","60546455883"
"5/8/2020","1588896000","60665060914"
"5/9/2020","1588982400","59620524373"
"5/10/2020","1589068800","60716575042"
"5/11/2020","1589155200","60136105570"
"5/12/2020","1589241600","59552099157"
"5/13/2020","1589328000","60746032020"
"5/14/2020","1589414400","59010054536"
"5/15/2020","1589500800","58407729475"
"5/16/2020","1589587200","59744462257"
"5/17/2020","1589673600","60639672800"
"5/18/2020","1589760000","60082983614"
"5/19/2020","1589846400","60076385709"
"5/20/2020","1589932800","60747209011"
"5/21/2020","1590019200","60442889830"
"5/22/2020","1590105600","59945832815"
"5/23/2020","1590192000","61673448559"
"5/24/2020","1590278400","60554332651"
"5/25/2020","1590364800","60202898263"
"5/26/2020","1590451200","61165579540"
"5/27/2020","1590537600","60555877495"
"5/28/2020","1590624000","60676512378"
"5/29/2020","1590710400","60619345455"
"5/30/2020","1590796800","60551833065"
"5/31/2020","1590883200","61203032008"
"6/1/2020","1590969600","59422202661"
"6/2/2020","1591056000","60656887961"
"6/3/2020","1591142400","60245383681"
"6/4/2020","1591228800","60867856811"
"6/5/2020","1591315200","61502016231"
"6/6/2020","1591401600","61088327324"
"6/7/2020","1591488000","60748748486"
"6/8/2020","1591574400","60052985764"
"6/9/2020","1591660800","61096035988"
"6/10/2020","1591747200","60311175849"
"6/11/2020","1591833600","61181419926"
"6/12/2020","1591920000","61189587169"
"6/13/2020","1592006400","61047248653"
"6/14/2020","1592092800","61760294204"
"6/15/2020","1592179200","61069649199"
"6/16/2020","1592265600","60941058656"
"6/17/2020","1592352000","60946003731"
"6/18/2020","1592438400","61069412568"
"6/19/2020","1592524800","66910453808"
"6/20/2020","1592611200","72612038879"
"6/21/2020","1592697600","73789408610"
"6/22/2020","1592784000","72492819746"
"6/23/2020","1592870400","72895209155"
"6/24/2020","1592956800","73472841345"
"6/25/2020","1593043200","72163570447"
"6/26/2020","1593129600","73135681440"
"6/27/2020","1593216000","71543111126"
"6/28/2020","1593302400","73730203640"
"6/29/2020","1593388800","71375635583"
"6/30/2020","1593475200","73318387064"
"7/1/2020","1593561600","71176581831"
"7/2/2020","1593648000","72107146226"
"7/3/2020","1593734400","71788223874"
"7/4/2020","1593820800","72784835528"
"7/5/2020","1593907200","72950841323"
"7/6/2020","1593993600","71920102702"
"7/7/2020","1594080000","73031480121"
"7/8/2020","1594166400","72958739417"
"7/9/2020","1594252800","72763009946"
"7/10/2020","1594339200","72210167258"
"7/11/2020","1594425600","72943190236"
"7/12/2020","1594512000","73073815745"
"7/13/2020","1594598400","73850785774"
"7/14/2020","1594684800","72909067421"
"7/15/2020","1594771200","73788176889"
"7/16/2020","1594857600","72500484619"
"7/17/2020","1594944000","72007685336"
"7/18/2020","1595030400","74033402643"
"7/19/2020","1595116800","73510728068"
"7/20/2020","1595203200","72789157337"
"7/21/2020","1595289600","72751379169"
"7/22/2020","1595376000","74015587006"
"7/23/2020","1595462400","74677796733"
"7/24/2020","1595548800","75049970554"
"7/25/2020","1595635200","76179056080"
"7/26/2020","1595721600","78306549441"
"7/27/2020","1595808000","77447071989"
"7/28/2020","1595894400","78112767375"
"7/29/2020","1595980800","78178695620"
"7/30/2020","1596067200","76393925734"
"7/31/2020","1596153600","77859908512"
"8/1/2020","1596240000","78103433534"
"8/2/2020","1596326400","77676603717"
"8/3/2020","1596412800","77368571564"
"8/4/2020","1596499200","76773617744"
"8/5/2020","1596585600","77380401083"
"8/6/2020","1596672000","77511522141"
"8/7/2020","1596758400","77596467503"
"8/8/2020","1596844800","76823830153"
"8/9/2020","1596931200","78460962723"
"8/10/2020","1597017600","77842975139"
"8/11/2020","1597104000","77366491731"
"8/12/2020","1597190400","78108663311"
"8/13/2020","1597276800","77864730512"
"8/14/2020","1597363200","78425468279"
"8/15/2020","1597449600","77865065737"
"8/16/2020","1597536000","78478834034"
"8/17/2020","1597622400","77437433421"
"8/18/2020","1597708800","78965311743"
"8/19/2020","1597795200","78649648994"
"8/20/2020","1597881600","79126229540"
"8/21/2020","1597968000","78579746074"
"8/22/2020","1598054400","77588023144"
"8/23/2020","1598140800","79293509632"
"8/24/2020","1598227200","78840099923"
"8/25/2020","1598313600","77562617010"
"8/26/2020","1598400000","79254937017"
"8/27/2020","1598486400","78273347480"
"8/28/2020","1598572800","78430303714"
"8/29/2020","1598659200","78478309540"
"8/30/2020","1598745600","78784401243"
"8/31/2020","1598832000","79535399741"
"9/1/2020","1598918400","78863623702"
"9/2/2020","1599004800","78426177487"
"9/3/2020","1599091200","78205133568"
"9/4/2020","1599177600","79480732784"
"9/5/2020","1599264000","77953696178"
"9/6/2020","1599350400","80181154846"
"9/7/2020","1599436800","78174242990"
"9/8/2020","1599523200","78767421313"
"9/9/2020","1599609600","78589349592"
"9/10/2020","1599696000","78652835328"
"9/11/2020","1599782400","79743009950"
"9/12/2020","1599868800","78765515640"
"9/13/2020","1599955200","79413962613"
"9/14/2020","1600041600","78372157982"
"9/15/2020","1600128000","79615836276"
"9/16/2020","1600214400","78394336174"
"9/17/2020","1600300800","79872680412"
"9/18/2020","1600387200","78013250896"
"9/19/2020","1600473600","79259285506"
"9/20/2020","1600560000","79769667516"
"9/21/2020","1600646400","79397633332"
"9/22/2020","1600732800","77951908536"
"9/23/2020","1600819200","78907480390"
"9/24/2020","1600905600","78963329478"
"9/25/2020","1600992000","78060701536"
"9/26/2020","1601078400","78219863288"
"9/27/2020","1601164800","77232274120"
"9/28/2020","1601251200","77899985330"
"9/29/2020","1601337600","77337826258"
"9/30/2020","1601424000","77669896295"
"10/1/2020","1601510400","78153314780"
"10/2/2020","1601596800","77516194687"
"10/3/2020","1601683200","77451328901"
"10/4/2020","1601769600","77657372343"
"10/5/2020","1601856000","78307833105"
"10/6/2020","1601942400","78747165348"
"10/7/2020","1602028800","76951259805"
"10/8/2020","1602115200","75375596104"
"10/9/2020","1602201600","77357297734"
"10/10/2020","1602288000","76569429799"
"10/11/2020","1602374400","79786775919"
"10/12/2020","1602460800","78295187648"
"10/13/2020","1602547200","80096589404"
"10/14/2020","1602633600","79547880329"
"10/15/2020","1602720000","80133031649"
"10/16/2020","1602806400","78926805019"
"10/17/2020","1602892800","79293510847"
"10/18/2020","1602979200","78440855920"
"10/19/2020","1603065600","80373648781"
"10/20/2020","1603152000","79106046104"
"10/21/2020","1603238400","79399947057"
"10/22/2020","1603324800","79547201646"
"10/23/2020","1603411200","78856378259"
"10/24/2020","1603497600","80084922236"
"10/25/2020","1603584000","79042948835"
"10/26/2020","1603670400","79016361979"
"10/27/2020","1603756800","79863638745"
"10/28/2020","1603843200","79792369114"
"10/29/2020","1603929600","79579101714"
"10/30/2020","1604016000","79189425544"
"10/31/2020","1604102400","79268978218"
"11/1/2020","1604188800","79282977653"
"11/2/2020","1604275200","79012728281"
"11/3/2020","1604361600","79616921576"
"11/4/2020","1604448000","79492127790"
"11/5/2020","1604534400","79336277230"
"11/6/2020","1604620800","79584660676"
"11/7/2020","1604707200","79093696984"
"11/8/2020","1604793600","79701963471"
"11/9/2020","1604880000","79396785999"
"11/10/2020","1604966400","78793907472"
"11/11/2020","1605052800","79640154012"
"11/12/2020","1605139200","79708979348"
"11/13/2020","1605225600","79735847173"
"11/14/2020","1605312000","79752260413"
"11/15/2020","1605398400","79665549484"
"11/16/2020","1605484800","79057383494"
"11/17/2020","1605571200","79420719589"
"11/18/2020","1605657600","78884707574"
"11/19/2020","1605744000","80648971146"
"11/20/2020","1605830400","78540212070"
"11/21/2020","1605916800","79852230557"
"11/22/2020","1606003200","79155483331"
"11/23/2020","1606089600","78782841274"
"11/24/2020","1606176000","79715083050"
"11/25/2020","1606262400","78851915577"
"11/26/2020","1606348800","79349591096"
"11/27/2020","1606435200","78391315304"
"11/28/2020","1606521600","80422510325"
"11/29/2020","1606608000","79310759260"
"11/30/2020","1606694400","80194820798"
"12/1/2020","1606780800","79417362821"
"12/2/2020","1606867200","78455307924"
"12/3/2020","1606953600","79655755902"
"12/4/2020","1607040000","78593382248"
"12/5/2020","1607126400","79071561462"
"12/6/2020","1607212800","79796966700"
"12/7/2020","1607299200","78739456406"
"12/8/2020","1607385600","79147899784"
"12/9/2020","1607472000","80408427175"
"12/10/2020","1607558400","78459732756"
"12/11/2020","1607644800","79415441036"
"12/12/2020","1607731200","79201181970"
"12/13/2020","1607817600","79221016663"
"12/14/2020","1607904000","79648873534"
"12/15/2020","1607990400","79074915212"
"12/16/2020","1608076800","79951277395"
"12/17/2020","1608163200","79627450773"
"12/18/2020","1608249600","79037397236"
"12/19/2020","1608336000","79608772275"
"12/20/2020","1608422400","80319231358"
"12/21/2020","1608508800","79552645599"
"12/22/2020","1608595200","79413268364"
"12/23/2020","1608681600","80401648551"
"12/24/2020","1608768000","78882857208"
"12/25/2020","1608854400","78458935977"
"12/26/2020","1608940800","80390812298"
"12/27/2020","1609027200","79617170233"
"12/28/2020","1609113600","80353454827"
"12/29/2020","1609200000","78498863946"
"12/30/2020","1609286400","79683258757"
"12/31/2020","1609372800","79183032550"
"1/1/2021","1609459200","80034402241"
"1/2/2021","1609545600","80944343007"
"1/3/2021","1609632000","78950689587"
"1/4/2021","1609718400","79459728805"
"1/5/2021","1609804800","79836396470"
"1/6/2021","1609891200","79404156622"
"1/7/2021","1609977600","78552567530"
"1/8/2021","1610064000","80667103300"
"1/9/2021","1610150400","79093105359"
"1/10/2021","1610236800","80042761416"
"1/11/2021","1610323200","79929732115"
"1/12/2021","1610409600","80324648072"
"1/13/2021","1610496000","80371646458"
"1/14/2021","1610582400","78290503497"
"1/15/2021","1610668800","80306580523"
"1/16/2021","1610755200","79462467859"
"1/17/2021","1610841600","79102214140"
"1/18/2021","1610928000","78877776240"
"1/19/2021","1611014400","79297032568"
"1/20/2021","1611100800","80221317406"
"1/21/2021","1611187200","79404809729"
"1/22/2021","1611273600","79064072567"
"1/23/2021","1611360000","79863148815"
"1/24/2021","1611446400","79272400668"
"1/25/2021","1611532800","79668647992"
"1/26/2021","1611619200","78759805850"
"1/27/2021","1611705600","78826557381"
"1/28/2021","1611792000","79412823469"
"1/29/2021","1611878400","78940120803"
"1/30/2021","1611964800","78000929398"
"1/31/2021","1612051200","81091114055"
"2/1/2021","1612137600","79242528840"
"2/2/2021","1612224000","79383052926"
"2/3/2021","1612310400","79239413970"
"2/4/2021","1612396800","79245711874"
"2/5/2021","1612483200","78945097196"
"2/6/2021","1612569600","79431746322"
"2/7/2021","1612656000","79781005643"
"2/8/2021","1612742400","78973896198"
"2/9/2021","1612828800","79167701041"
"2/10/2021","1612915200","79638181587"
"2/11/2021","1613001600","79245756715"
"2/12/2021","1613088000","79663712564"
"2/13/2021","1613174400","78462217650"
"2/14/2021","1613260800","79934298329"
"2/15/2021","1613347200","79211489509"
"2/16/2021","1613433600","79165657916"
"2/17/2021","1613520000","79955215518"
"2/18/2021","1613606400","79022912660"
"2/19/2021","1613692800","80348254313"
"2/20/2021","1613779200","79253329738"
"2/21/2021","1613865600","79171256964"
"2/22/2021","1613952000","79374067746"
"2/23/2021","1614038400","79485929271"
"2/24/2021","1614124800","79139574634"
"2/25/2021","1614211200","79546954198"
"2/26/2021","1614297600","80020278811"
"2/27/2021","1614384000","79525213088"
"2/28/2021","1614470400","79011076084"
"3/1/2021","1614556800","79006491494"
"3/2/2021","1614643200","80204963191"
"3/3/2021","1614729600","78387565954"
"3/4/2021","1614816000","79305219314"
"3/5/2021","1614902400","79958598303"
"3/6/2021","1614988800","80181267152"
"3/7/2021","1615075200","79493606924"
"3/8/2021","1615161600","79774629929"
"3/9/2021","1615248000","78853248198"
"3/10/2021","1615334400","79578457910"
"3/11/2021","1615420800","78909846121"
"3/12/2021","1615507200","79389044621"
"3/13/2021","1615593600","80020449998"
"3/14/2021","1615680000","79905655379"
"3/15/2021","1615766400","79051271908"
"3/16/2021","1615852800","79837150538"
"3/17/2021","1615939200","79543048766"
"3/18/2021","1616025600","79540830307"
"3/19/2021","1616112000","79775838240"
"3/20/2021","1616198400","79891558867"
"3/21/2021","1616284800","78907502960"
"3/22/2021","1616371200","79583607881"
